Workbook

Sheet Berekening
A1: KOSTENCALCULATIE — verwachte kosten per bestelling
A2: Vul de gele kolommen in (per kous). De grijze kolommen rekenen automatisch. Prijzen staan op de prijs-tabbladen.
A4: Kous | B4: Omschrijving / locatie | C4: DN | D4: Dikte (mm) | E4: Lengte geïmpr. (m) | F4: Omslaan (m) | G4: Droge kous (m) | H4: # Eind- stuk | I4: # Om- slaan | J4: # Ver- loop | K4: Korte lengte toeslag (€) | L4: €/m impregn. | M4: Kosten impregnatie | N4: €/m droog | O4: Kosten droge kous | P4: Kosten eindstuk | Q4: Kosten omslaan | R4: Kosten verloop | S4: Korte lengte | T4: TOTAAL per kous | V4: SAMENVATTING
A5: 501 | B5: schansbaan, 18D0543↦18D0546 | C5: 250 | D5: 6 | E5: 121.8 | F5: 4.75 | G5: =IF(ISNUMBER(F5),F5+Instellingen!$B$5,"") | H5: 1 | I5: 1 | J5: 0 | L5: =IFERROR(INDEX(Impregnatie!$B$4:$O$25,MATCH(C5,Impregnatie!$A$4:$A$25,0),MATCH(D5,Impregnatie!$B$3:$O$3,0))*(1+Instellingen!$B$4),"") | M5: =IF(AND(ISNUMBER(E5),ISNUMBER(L5)),E5*L5,0) | N5: =IFERROR(INDEX('Droge kous'!$B$4:$T$33,MATCH(C5,'Droge kous'!$A$4:$A$33,0),MATCH(D5,'Droge kous'!$B$3:$T$3,0)),"") | O5: =IF(AND(ISNUMBER(G5),ISNUMBER(N5)),G5*N5,0) | P5: =IF(ISNUMBER(C5),IFERROR(N(H5)*VLOOKUP(C5,Sundry!$A$4:$G$20,4,TRUE),0),0) | Q5: =IF(ISNUMBER(C5),IFERROR(N(I5)*VLOOKUP(C5,Sundry!$A$4:$G$20,5,TRUE),0),0) | R5: =IF(ISNUMBER(C5),IFERROR(N(J5)*VLOOKUP(C5,Sundry!$A$4:$G$20,3,TRUE),0),0) | S5: =N(K5) | T5: =M5+O5+P5+Q5+R5+S5 | V5: Aantal kousen | W5: =COUNT(C5:C74)
A6: 502 | B6: semsschans, 18D0553↦18D0557 | C6: 250 | D6: 6 | E6: 30.6 | F6: 4.34 | G6: =IF(ISNUMBER(F6),F6+Instellingen!$B$5,"") | H6: 1 | I6: 1 | J6: 0 | L6: =IFERROR(INDEX(Impregnatie!$B$4:$O$25,MATCH(C6,Impregnatie!$A$4:$A$25,0),MATCH(D6,Impregnatie!$B$3:$O$3,0))*(1+Instellingen!$B$4),"") | M6: =IF(AND(ISNUMBER(E6),ISNUMBER(L6)),E6*L6,0) | N6: =IFERROR(INDEX('Droge kous'!$B$4:$T$33,MATCH(C6,'Droge kous'!$A$4:$A$33,0),MATCH(D6,'Droge kous'!$B$3:$T$3,0)),"") | O6: =IF(AND(ISNUMBER(G6),ISNUMBER(N6)),G6*N6,0) | P6: =IF(ISNUMBER(C6),IFERROR(N(H6)*VLOOKUP(C6,Sundry!$A$4:$G$20,4,TRUE),0),0) | Q6: =IF(ISNUMBER(C6),IFERROR(N(I6)*VLOOKUP(C6,Sundry!$A$4:$G$20,5,TRUE),0),0) | R6: =IF(ISNUMBER(C6),IFERROR(N(J6)*VLOOKUP(C6,Sundry!$A$4:$G$20,3,TRUE),0),0) | S6: =N(K6) | T6: =M6+O6+P6+Q6+R6+S6 | V6: Totaal impregnatie | W6: =M75
A7: 503 | B7: semsschans, 18D0554↦18D0552 | C7: 250 | D7: 6 | E7: 60 | F7: 4.3 | G7: =IF(ISNUMBER(F7),F7+Instellingen!$B$5,"") | H7: 1 | I7: 1 | J7: 0 | L7: =IFERROR(INDEX(Impregnatie!$B$4:$O$25,MATCH(C7,Impregnatie!$A$4:$A$25,0),MATCH(D7,Impregnatie!$B$3:$O$3,0))*(1+Instellingen!$B$4),"") | M7: =IF(AND(ISNUMBER(E7),ISNUMBER(L7)),E7*L7,0) | N7: =IFERROR(INDEX('Droge kous'!$B$4:$T$33,MATCH(C7,'Droge kous'!$A$4:$A$33,0),MATCH(D7,'Droge kous'!$B$3:$T$3,0)),"") | O7: =IF(AND(ISNUMBER(G7),ISNUMBER(N7)),G7*N7,0) | P7: =IF(ISNUMBER(C7),IFERROR(N(H7)*VLOOKUP(C7,Sundry!$A$4:$G$20,4,TRUE),0),0) | Q7: =IF(ISNUMBER(C7),IFERROR(N(I7)*VLOOKUP(C7,Sundry!$A$4:$G$20,5,TRUE),0),0) | R7: =IF(ISNUMBER(C7),IFERROR(N(J7)*VLOOKUP(C7,Sundry!$A$4:$G$20,3,TRUE),0),0) | S7: =N(K7) | T7: =M7+O7+P7+Q7+R7+S7 | V7: Totaal droge kous | W7: =O75
A8: 504 | B8: van rijswijckschans, 18D0461↦18D0419 | C8: 250 | D8: 6 | E8: 104.7 | F8: 4.44 | G8: =IF(ISNUMBER(F8),F8+Instellingen!$B$5,"") | H8: 1 | I8: 1 | J8: 0 | L8: =IFERROR(INDEX(Impregnatie!$B$4:$O$25,MATCH(C8,Impregnatie!$A$4:$A$25,0),MATCH(D8,Impregnatie!$B$3:$O$3,0))*(1+Instellingen!$B$4),"") | M8: =IF(AND(ISNUMBER(E8),ISNUMBER(L8)),E8*L8,0) | N8: =IFERROR(INDEX('Droge kous'!$B$4:$T$33,MATCH(C8,'Droge kous'!$A$4:$A$33,0),MATCH(D8,'Droge kous'!$B$3:$T$3,0)),"") | O8: =IF(AND(ISNUMBER(G8),ISNUMBER(N8)),G8*N8,0) | P8: =IF(ISNUMBER(C8),IFERROR(N(H8)*VLOOKUP(C8,Sundry!$A$4:$G$20,4,TRUE),0),0) | Q8: =IF(ISNUMBER(C8),IFERROR(N(I8)*VLOOKUP(C8,Sundry!$A$4:$G$20,5,TRUE),0),0) | R8: =IF(ISNUMBER(C8),IFERROR(N(J8)*VLOOKUP(C8,Sundry!$A$4:$G$20,3,TRUE),0),0) | S8: =N(K8) | T8: =M8+O8+P8+Q8+R8+S8 | V8: Totaal eindstukken | W8: =P75
A9: 505 | B9: van rijswijckschans, 18D0456↦18D0461 | C9: 250 | D9: 6 | E9: 67.3 | F9: 4.61 | G9: =IF(ISNUMBER(F9),F9+Instellingen!$B$5,"") | H9: 1 | I9: 1 | J9: 0 | L9: =IFERROR(INDEX(Impregnatie!$B$4:$O$25,MATCH(C9,Impregnatie!$A$4:$A$25,0),MATCH(D9,Impregnatie!$B$3:$O$3,0))*(1+Instellingen!$B$4),"") | M9: =IF(AND(ISNUMBER(E9),ISNUMBER(L9)),E9*L9,0) | N9: =IFERROR(INDEX('Droge kous'!$B$4:$T$33,MATCH(C9,'Droge kous'!$A$4:$A$33,0),MATCH(D9,'Droge kous'!$B$3:$T$3,0)),"") | O9: =IF(AND(ISNUMBER(G9),ISNUMBER(N9)),G9*N9,0) | P9: =IF(ISNUMBER(C9),IFERROR(N(H9)*VLOOKUP(C9,Sundry!$A$4:$G$20,4,TRUE),0),0) | Q9: =IF(ISNUMBER(C9),IFERROR(N(I9)*VLOOKUP(C9,Sundry!$A$4:$G$20,5,TRUE),0),0) | R9: =IF(ISNUMBER(C9),IFERROR(N(J9)*VLOOKUP(C9,Sundry!$A$4:$G$20,3,TRUE),0),0) | S9: =N(K9) | T9: =M9+O9+P9+Q9+R9+S9 | V9: Totaal omslaan | W9: =Q75
A10: 506 | B10: van rijswijckschans, 18D0459↦18D0460 | C10: 250 | D10: 6 | E10: 42.1 | F10: 4.35 | G10: =IF(ISNUMBER(F10),F10+Instellingen!$B$5,"") | H10: 1 | I10: 1 | J10: 0 | L10: =IFERROR(INDEX(Impregnatie!$B$4:$O$25,MATCH(C10,Impregnatie!$A$4:$A$25,0),MATCH(D10,Impregnatie!$B$3:$O$3,0))*(1+Instellingen!$B$4),"") | M10: =IF(AND(ISNUMBER(E10),ISNUMBER(L10)),E10*L10,0) | N10: =IFERROR(INDEX('Droge kous'!$B$4:$T$33,MATCH(C10,'Droge kous'!$A$4:$A$33,0),MATCH(D10,'Droge kous'!$B$3:$T$3,0)),"") | O10: =IF(AND(ISNUMBER(G10),ISNUMBER(N10)),G10*N10,0) | P10: =IF(ISNUMBER(C10),IFERROR(N(H10)*VLOOKUP(C10,Sundry!$A$4:$G$20,4,TRUE),0),0) | Q10: =IF(ISNUMBER(C10),IFERROR(N(I10)*VLOOKUP(C10,Sundry!$A$4:$G$20,5,TRUE),0),0) | R10: =IF(ISNUMBER(C10),IFERROR(N(J10)*VLOOKUP(C10,Sundry!$A$4:$G$20,3,TRUE),0),0) | S10: =N(K10) | T10: =M10+O10+P10+Q10+R10+S10 | V10: Totaal verloop | W10: =R75
A11: 507 | B11: van rijswijckschans, 18D0456↦18D0455 | C11: 250 | D11: 6 | E11: 35.4 | F11: 4.61 | G11: =IF(ISNUMBER(F11),F11+Instellingen!$B$5,"") | H11: 1 | I11: 1 | J11: 0 | L11: =IFERROR(INDEX(Impregnatie!$B$4:$O$25,MATCH(C11,Impregnatie!$A$4:$A$25,0),MATCH(D11,Impregnatie!$B$3:$O$3,0))*(1+Instellingen!$B$4),"") | M11: =IF(AND(ISNUMBER(E11),ISNUMBER(L11)),E11*L11,0) | N11: =IFERROR(INDEX('Droge kous'!$B$4:$T$33,MATCH(C11,'Droge kous'!$A$4:$A$33,0),MATCH(D11,'Droge kous'!$B$3:$T$3,0)),"") | O11: =IF(AND(ISNUMBER(G11),ISNUMBER(N11)),G11*N11,0) | P11: =IF(ISNUMBER(C11),IFERROR(N(H11)*VLOOKUP(C11,Sundry!$A$4:$G$20,4,TRUE),0),0) | Q11: =IF(ISNUMBER(C11),IFERROR(N(I11)*VLOOKUP(C11,Sundry!$A$4:$G$20,5,TRUE),0),0) | R11: =IF(ISNUMBER(C11),IFERROR(N(J11)*VLOOKUP(C11,Sundry!$A$4:$G$20,3,TRUE),0),0) | S11: =N(K11) | T11: =M11+O11+P11+Q11+R11+S11 | V11: Totaal korte lengte | W11: =S75
A12: 508 | B12: offerhausschans, 18D0447↦18D0449 | C12: 250 | D12: 6 | E12: 41.1 | F12: 4.29 | G12: =IF(ISNUMBER(F12),F12+Instellingen!$B$5,"") | H12: 1 | I12: 1 | J12: 0 | L12: =IFERROR(INDEX(Impregnatie!$B$4:$O$25,MATCH(C12,Impregnatie!$A$4:$A$25,0),MATCH(D12,Impregnatie!$B$3:$O$3,0))*(1+Instellingen!$B$4),"") | M12: =IF(AND(ISNUMBER(E12),ISNUMBER(L12)),E12*L12,0) | N12: =IFERROR(INDEX('Droge kous'!$B$4:$T$33,MATCH(C12,'Droge kous'!$A$4:$A$33,0),MATCH(D12,'Droge kous'!$B$3:$T$3,0)),"") | O12: =IF(AND(ISNUMBER(G12),ISNUMBER(N12)),G12*N12,0) | P12: =IF(ISNUMBER(C12),IFERROR(N(H12)*VLOOKUP(C12,Sundry!$A$4:$G$20,4,TRUE),0),0) | Q12: =IF(ISNUMBER(C12),IFERROR(N(I12)*VLOOKUP(C12,Sundry!$A$4:$G$20,5,TRUE),0),0) | R12: =IF(ISNUMBER(C12),IFERROR(N(J12)*VLOOKUP(C12,Sundry!$A$4:$G$20,3,TRUE),0),0) | S12: =N(K12) | T12: =M12+O12+P12+Q12+R12+S12 | V12: TOTAAL EXCL. BTW | W12: =T75
A13: 509 | B13: pelschans, 18D0466↦18D0468 | C13: 250 | D13: 6 | E13: 90.4 | F13: 4.47 | G13: =IF(ISNUMBER(F13),F13+Instellingen!$B$5,"") | H13: 1 | I13: 1 | J13: 0 | L13: =IFERROR(INDEX(Impregnatie!$B$4:$O$25,MATCH(C13,Impregnatie!$A$4:$A$25,0),MATCH(D13,Impregnatie!$B$3:$O$3,0))*(1+Instellingen!$B$4),"") | M13: =IF(AND(ISNUMBER(E13),ISNUMBER(L13)),E13*L13,0) | N13: =IFERROR(INDEX('Droge kous'!$B$4:$T$33,MATCH(C13,'Droge kous'!$A$4:$A$33,0),MATCH(D13,'Droge kous'!$B$3:$T$3,0)),"") | O13: =IF(AND(ISNUMBER(G13),ISNUMBER(N13)),G13*N13,0) | P13: =IF(ISNUMBER(C13),IFERROR(N(H13)*VLOOKUP(C13,Sundry!$A$4:$G$20,4,TRUE),0),0) | Q13: =IF(ISNUMBER(C13),IFERROR(N(I13)*VLOOKUP(C13,Sundry!$A$4:$G$20,5,TRUE),0),0) | R13: =IF(ISNUMBER(C13),IFERROR(N(J13)*VLOOKUP(C13,Sundry!$A$4:$G$20,3,TRUE),0),0) | S13: =N(K13) | T13: =M13+O13+P13+Q13+R13+S13
A14: 510 | B14: merkesschans, 18D0387↦18D0394 | C14: 250 | D14: 6 | E14: 133.9 | F14: 4.8 | G14: =IF(ISNUMBER(F14),F14+Instellingen!$B$5,"") | H14: 1 | I14: 1 | J14: 0 | L14: =IFERROR(INDEX(Impregnatie!$B$4:$O$25,MATCH(C14,Impregnatie!$A$4:$A$25,0),MATCH(D14,Impregnatie!$B$3:$O$3,0))*(1+Instellingen!$B$4),"") | M14: =IF(AND(ISNUMBER(E14),ISNUMBER(L14)),E14*L14,0) | N14: =IFERROR(INDEX('Droge kous'!$B$4:$T$33,MATCH(C14,'Droge kous'!$A$4:$A$33,0),MATCH(D14,'Droge kous'!$B$3:$T$3,0)),"") | O14: =IF(AND(ISNUMBER(G14),ISNUMBER(N14)),G14*N14,0) | P14: =IF(ISNUMBER(C14),IFERROR(N(H14)*VLOOKUP(C14,Sundry!$A$4:$G$20,4,TRUE),0),0) | Q14: =IF(ISNUMBER(C14),IFERROR(N(I14)*VLOOKUP(C14,Sundry!$A$4:$G$20,5,TRUE),0),0) | R14: =IF(ISNUMBER(C14),IFERROR(N(J14)*VLOOKUP(C14,Sundry!$A$4:$G$20,3,TRUE),0),0) | S14: =N(K14) | T14: =M14+O14+P14+Q14+R14+S14
A15: 511 | B15: klinckaertschans, 18D0401↦18D0399 | C15: 250 | D15: 6 | E15: 92.3 | F15: 4.36 | G15: =IF(ISNUMBER(F15),F15+Instellingen!$B$5,"") | H15: 1 | I15: 1 | J15: 0 | L15: =IFERROR(INDEX(Impregnatie!$B$4:$O$25,MATCH(C15,Impregnatie!$A$4:$A$25,0),MATCH(D15,Impregnatie!$B$3:$O$3,0))*(1+Instellingen!$B$4),"") | M15: =IF(AND(ISNUMBER(E15),ISNUMBER(L15)),E15*L15,0) | N15: =IFERROR(INDEX('Droge kous'!$B$4:$T$33,MATCH(C15,'Droge kous'!$A$4:$A$33,0),MATCH(D15,'Droge kous'!$B$3:$T$3,0)),"") | O15: =IF(AND(ISNUMBER(G15),ISNUMBER(N15)),G15*N15,0) | P15: =IF(ISNUMBER(C15),IFERROR(N(H15)*VLOOKUP(C15,Sundry!$A$4:$G$20,4,TRUE),0),0) | Q15: =IF(ISNUMBER(C15),IFERROR(N(I15)*VLOOKUP(C15,Sundry!$A$4:$G$20,5,TRUE),0),0) | R15: =IF(ISNUMBER(C15),IFERROR(N(J15)*VLOOKUP(C15,Sundry!$A$4:$G$20,3,TRUE),0),0) | S15: =N(K15) | T15: =M15+O15+P15+Q15+R15+S15
A16: 512 | B16: lijnbaan, 18D0138↦18D0142 | C16: 250 | D16: 6 | E16: 124.6 | F16: 4.6 | G16: =IF(ISNUMBER(F16),F16+Instellingen!$B$5,"") | H16: 1 | I16: 1 | J16: 0 | L16: =IFERROR(INDEX(Impregnatie!$B$4:$O$25,MATCH(C16,Impregnatie!$A$4:$A$25,0),MATCH(D16,Impregnatie!$B$3:$O$3,0))*(1+Instellingen!$B$4),"") | M16: =IF(AND(ISNUMBER(E16),ISNUMBER(L16)),E16*L16,0) | N16: =IFERROR(INDEX('Droge kous'!$B$4:$T$33,MATCH(C16,'Droge kous'!$A$4:$A$33,0),MATCH(D16,'Droge kous'!$B$3:$T$3,0)),"") | O16: =IF(AND(ISNUMBER(G16),ISNUMBER(N16)),G16*N16,0) | P16: =IF(ISNUMBER(C16),IFERROR(N(H16)*VLOOKUP(C16,Sundry!$A$4:$G$20,4,TRUE),0),0) | Q16: =IF(ISNUMBER(C16),IFERROR(N(I16)*VLOOKUP(C16,Sundry!$A$4:$G$20,5,TRUE),0),0) | R16: =IF(ISNUMBER(C16),IFERROR(N(J16)*VLOOKUP(C16,Sundry!$A$4:$G$20,3,TRUE),0),0) | S16: =N(K16) | T16: =M16+O16+P16+Q16+R16+S16
A17: 513 | B17: van embdenruimte, 18D0138↦18D0137 | C17: 250 | D17: 6 | E17: 67 | F17: 4.6 | G17: =IF(ISNUMBER(F17),F17+Instellingen!$B$5,"") | H17: 1 | I17: 1 | J17: 0 | L17: =IFERROR(INDEX(Impregnatie!$B$4:$O$25,MATCH(C17,Impregnatie!$A$4:$A$25,0),MATCH(D17,Impregnatie!$B$3:$O$3,0))*(1+Instellingen!$B$4),"") | M17: =IF(AND(ISNUMBER(E17),ISNUMBER(L17)),E17*L17,0) | N17: =IFERROR(INDEX('Droge kous'!$B$4:$T$33,MATCH(C17,'Droge kous'!$A$4:$A$33,0),MATCH(D17,'Droge kous'!$B$3:$T$3,0)),"") | O17: =IF(AND(ISNUMBER(G17),ISNUMBER(N17)),G17*N17,0) | P17: =IF(ISNUMBER(C17),IFERROR(N(H17)*VLOOKUP(C17,Sundry!$A$4:$G$20,4,TRUE),0),0) | Q17: =IF(ISNUMBER(C17),IFERROR(N(I17)*VLOOKUP(C17,Sundry!$A$4:$G$20,5,TRUE),0),0) | R17: =IF(ISNUMBER(C17),IFERROR(N(J17)*VLOOKUP(C17,Sundry!$A$4:$G$20,3,TRUE),0),0) | S17: =N(K17) | T17: =M17+O17+P17+Q17+R17+S17
A18: 514 | B18: van embdenruimte, 18D0130↦18D0137 | C18: 250 | D18: 6 | E18: 120 | F18: 4.92 | G18: =IF(ISNUMBER(F18),F18+Instellingen!$B$5,"") | H18: 1 | I18: 1 | J18: 0 | L18: =IFERROR(INDEX(Impregnatie!$B$4:$O$25,MATCH(C18,Impregnatie!$A$4:$A$25,0),MATCH(D18,Impregnatie!$B$3:$O$3,0))*(1+Instellingen!$B$4),"") | M18: =IF(AND(ISNUMBER(E18),ISNUMBER(L18)),E18*L18,0) | N18: =IFERROR(INDEX('Droge kous'!$B$4:$T$33,MATCH(C18,'Droge kous'!$A$4:$A$33,0),MATCH(D18,'Droge kous'!$B$3:$T$3,0)),"") | O18: =IF(AND(ISNUMBER(G18),ISNUMBER(N18)),G18*N18,0) | P18: =IF(ISNUMBER(C18),IFERROR(N(H18)*VLOOKUP(C18,Sundry!$A$4:$G$20,4,TRUE),0),0) | Q18: =IF(ISNUMBER(C18),IFERROR(N(I18)*VLOOKUP(C18,Sundry!$A$4:$G$20,5,TRUE),0),0) | R18: =IF(ISNUMBER(C18),IFERROR(N(J18)*VLOOKUP(C18,Sundry!$A$4:$G$20,3,TRUE),0),0) | S18: =N(K18) | T18: =M18+O18+P18+Q18+R18+S18
A19: 515 | B19: griffinruimte, 18D0129↦18D0124 | C19: 250 | D19: 6 | E19: 66.1 | F19: 4.67 | G19: =IF(ISNUMBER(F19),F19+Instellingen!$B$5,"") | H19: 1 | I19: 1 | J19: 0 | L19: =IFERROR(INDEX(Impregnatie!$B$4:$O$25,MATCH(C19,Impregnatie!$A$4:$A$25,0),MATCH(D19,Impregnatie!$B$3:$O$3,0))*(1+Instellingen!$B$4),"") | M19: =IF(AND(ISNUMBER(E19),ISNUMBER(L19)),E19*L19,0) | N19: =IFERROR(INDEX('Droge kous'!$B$4:$T$33,MATCH(C19,'Droge kous'!$A$4:$A$33,0),MATCH(D19,'Droge kous'!$B$3:$T$3,0)),"") | O19: =IF(AND(ISNUMBER(G19),ISNUMBER(N19)),G19*N19,0) | P19: =IF(ISNUMBER(C19),IFERROR(N(H19)*VLOOKUP(C19,Sundry!$A$4:$G$20,4,TRUE),0),0) | Q19: =IF(ISNUMBER(C19),IFERROR(N(I19)*VLOOKUP(C19,Sundry!$A$4:$G$20,5,TRUE),0),0) | R19: =IF(ISNUMBER(C19),IFERROR(N(J19)*VLOOKUP(C19,Sundry!$A$4:$G$20,3,TRUE),0),0) | S19: =N(K19) | T19: =M19+O19+P19+Q19+R19+S19
A20: 516 | B20: de boomgaard, 18D0549↦18D0427 | C20: 250 | D20: 6 | E20: 14.2 | F20: 6.15 | G20: =IF(ISNUMBER(F20),F20+Instellingen!$B$5,"") | H20: 1 | I20: 1 | J20: 0 | L20: =IFERROR(INDEX(Impregnatie!$B$4:$O$25,MATCH(C20,Impregnatie!$A$4:$A$25,0),MATCH(D20,Impregnatie!$B$3:$O$3,0))*(1+Instellingen!$B$4),"") | M20: =IF(AND(ISNUMBER(E20),ISNUMBER(L20)),E20*L20,0) | N20: =IFERROR(INDEX('Droge kous'!$B$4:$T$33,MATCH(C20,'Droge kous'!$A$4:$A$33,0),MATCH(D20,'Droge kous'!$B$3:$T$3,0)),"") | O20: =IF(AND(ISNUMBER(G20),ISNUMBER(N20)),G20*N20,0) | P20: =IF(ISNUMBER(C20),IFERROR(N(H20)*VLOOKUP(C20,Sundry!$A$4:$G$20,4,TRUE),0),0) | Q20: =IF(ISNUMBER(C20),IFERROR(N(I20)*VLOOKUP(C20,Sundry!$A$4:$G$20,5,TRUE),0),0) | R20: =IF(ISNUMBER(C20),IFERROR(N(J20)*VLOOKUP(C20,Sundry!$A$4:$G$20,3,TRUE),0),0) | S20: =N(K20) | T20: =M20+O20+P20+Q20+R20+S20
A21: 517 | B21: schansbaan, 18D0549↦18D0548 | C21: 250 | D21: 6 | E21: 49.2 | F21: 6.15 | G21: =IF(ISNUMBER(F21),F21+Instellingen!$B$5,"") | H21: 1 | I21: 1 | J21: 0 | L21: =IFERROR(INDEX(Impregnatie!$B$4:$O$25,MATCH(C21,Impregnatie!$A$4:$A$25,0),MATCH(D21,Impregnatie!$B$3:$O$3,0))*(1+Instellingen!$B$4),"") | M21: =IF(AND(ISNUMBER(E21),ISNUMBER(L21)),E21*L21,0) | N21: =IFERROR(INDEX('Droge kous'!$B$4:$T$33,MATCH(C21,'Droge kous'!$A$4:$A$33,0),MATCH(D21,'Droge kous'!$B$3:$T$3,0)),"") | O21: =IF(AND(ISNUMBER(G21),ISNUMBER(N21)),G21*N21,0) | P21: =IF(ISNUMBER(C21),IFERROR(N(H21)*VLOOKUP(C21,Sundry!$A$4:$G$20,4,TRUE),0),0) | Q21: =IF(ISNUMBER(C21),IFERROR(N(I21)*VLOOKUP(C21,Sundry!$A$4:$G$20,5,TRUE),0),0) | R21: =IF(ISNUMBER(C21),IFERROR(N(J21)*VLOOKUP(C21,Sundry!$A$4:$G$20,3,TRUE),0),0) | S21: =N(K21) | T21: =M21+O21+P21+Q21+R21+S21
A22: 518 | B22: goudreinethof, 18D0493↦18D0492 | C22: 300 | D22: 7.5 | E22: 54.3 | F22: 6.31 | G22: =IF(ISNUMBER(F22),F22+Instellingen!$B$5,"") | H22: 1 | I22: 1 | J22: 0 | L22: =IFERROR(INDEX(Impregnatie!$B$4:$O$25,MATCH(C22,Impregnatie!$A$4:$A$25,0),MATCH(D22,Impregnatie!$B$3:$O$3,0))*(1+Instellingen!$B$4),"") | M22: =IF(AND(ISNUMBER(E22),ISNUMBER(L22)),E22*L22,0) | N22: =IFERROR(INDEX('Droge kous'!$B$4:$T$33,MATCH(C22,'Droge kous'!$A$4:$A$33,0),MATCH(D22,'Droge kous'!$B$3:$T$3,0)),"") | O22: =IF(AND(ISNUMBER(G22),ISNUMBER(N22)),G22*N22,0) | P22: =IF(ISNUMBER(C22),IFERROR(N(H22)*VLOOKUP(C22,Sundry!$A$4:$G$20,4,TRUE),0),0) | Q22: =IF(ISNUMBER(C22),IFERROR(N(I22)*VLOOKUP(C22,Sundry!$A$4:$G$20,5,TRUE),0),0) | R22: =IF(ISNUMBER(C22),IFERROR(N(J22)*VLOOKUP(C22,Sundry!$A$4:$G$20,3,TRUE),0),0) | S22: =N(K22) | T22: =M22+O22+P22+Q22+R22+S22
A23: 519 | B23: calandschans, 18D0351↦18D0361 | C23: 250 | D23: 6 | E23: 123.6 | F23: 5.19 | G23: =IF(ISNUMBER(F23),F23+Instellingen!$B$5,"") | H23: 1 | I23: 1 | J23: 0 | L23: =IFERROR(INDEX(Impregnatie!$B$4:$O$25,MATCH(C23,Impregnatie!$A$4:$A$25,0),MATCH(D23,Impregnatie!$B$3:$O$3,0))*(1+Instellingen!$B$4),"") | M23: =IF(AND(ISNUMBER(E23),ISNUMBER(L23)),E23*L23,0) | N23: =IFERROR(INDEX('Droge kous'!$B$4:$T$33,MATCH(C23,'Droge kous'!$A$4:$A$33,0),MATCH(D23,'Droge kous'!$B$3:$T$3,0)),"") | O23: =IF(AND(ISNUMBER(G23),ISNUMBER(N23)),G23*N23,0) | P23: =IF(ISNUMBER(C23),IFERROR(N(H23)*VLOOKUP(C23,Sundry!$A$4:$G$20,4,TRUE),0),0) | Q23: =IF(ISNUMBER(C23),IFERROR(N(I23)*VLOOKUP(C23,Sundry!$A$4:$G$20,5,TRUE),0),0) | R23: =IF(ISNUMBER(C23),IFERROR(N(J23)*VLOOKUP(C23,Sundry!$A$4:$G$20,3,TRUE),0),0) | S23: =N(K23) | T23: =M23+O23+P23+Q23+R23+S23
A24: 520 | B24: corbuloschans, 18D0353↦18D0370 | C24: 250 | D24: 6 | E24: 87.6 | F24: 5.2 | G24: =IF(ISNUMBER(F24),F24+Instellingen!$B$5,"") | H24: 1 | I24: 1 | J24: 0 | L24: =IFERROR(INDEX(Impregnatie!$B$4:$O$25,MATCH(C24,Impregnatie!$A$4:$A$25,0),MATCH(D24,Impregnatie!$B$3:$O$3,0))*(1+Instellingen!$B$4),"") | M24: =IF(AND(ISNUMBER(E24),ISNUMBER(L24)),E24*L24,0) | N24: =IFERROR(INDEX('Droge kous'!$B$4:$T$33,MATCH(C24,'Droge kous'!$A$4:$A$33,0),MATCH(D24,'Droge kous'!$B$3:$T$3,0)),"") | O24: =IF(AND(ISNUMBER(G24),ISNUMBER(N24)),G24*N24,0) | P24: =IF(ISNUMBER(C24),IFERROR(N(H24)*VLOOKUP(C24,Sundry!$A$4:$G$20,4,TRUE),0),0) | Q24: =IF(ISNUMBER(C24),IFERROR(N(I24)*VLOOKUP(C24,Sundry!$A$4:$G$20,5,TRUE),0),0) | R24: =IF(ISNUMBER(C24),IFERROR(N(J24)*VLOOKUP(C24,Sundry!$A$4:$G$20,3,TRUE),0),0) | S24: =N(K24) | T24: =M24+O24+P24+Q24+R24+S24
... A29: 525 | B29: van rijswijckschans, 18D0457↦18D0418 | C29: 250 | D29: 6 | E29: 106.1 | F29: 4.5 | G29: =IF(ISNUMBER(F29),F29+Instellingen!$B$5,"") | H29: 1 | I29: 1 | J29: 0 | L29: =IFERROR(INDEX(Impregnatie!$B$4:$O$25,MATCH(C29,Impregnatie!$A$4:$A$25,0),MATCH(D29,Impregnatie!$B$3:$O$3,0))*(1+Instellingen!$B$4),"") | M29: =IF(AND(ISNUMBER(E29),ISNUMBER(L29)),E29*L29,0) | N29: =IFERROR(INDEX('Droge kous'!$B$4:$T$33,MATCH(C29,'Droge kous'!$A$4:$A$33,0),MATCH(D29,'Droge kous'!$B$3:$T$3,0)),"") | O29: =IF(AND(ISNUMBER(G29),ISNUMBER(N29)),G29*N29,0) | P29: =IF(ISNUMBER(C29),IFERROR(N(H29)*VLOOKUP(C29,Sundry!$A$4:$G$20,4,TRUE),0),0) | Q29: =IF(ISNUMBER(C29),IFERROR(N(I29)*VLOOKUP(C29,Sundry!$A$4:$G$20,5,TRUE),0),0) | R29: =IF(ISNUMBER(C29),IFERROR(N(J29)*VLOOKUP(C29,Sundry!$A$4:$G$20,3,TRUE),0),0) | S29: =N(K29) | T29: =M29+O29+P29+Q29+R29+S29
G30: =IF(ISNUMBER(F30),F30+Instellingen!$B$5,"") | H30: 1 | I30: 1 | J30: 0 | L30: =IFERROR(INDEX(Impregnatie!$B$4:$O$25,MATCH(C30,Impregnatie!$A$4:$A$25,0),MATCH(D30,Impregnatie!$B$3:$O$3,0))*(1+Instellingen!$B$4),"") | M30: =IF(AND(ISNUMBER(E30),ISNUMBER(L30)),E30*L30,0) | N30: =IFERROR(INDEX('Droge kous'!$B$4:$T$33,MATCH(C30,'Droge kous'!$A$4:$A$33,0),MATCH(D30,'Droge kous'!$B$3:$T$3,0)),"") | O30: =IF(AND(ISNUMBER(G30),ISNUMBER(N30)),G30*N30,0) | P30: =IF(ISNUMBER(C30),IFERROR(N(H30)*VLOOKUP(C30,Sundry!$A$4:$G$20,4,TRUE),0),0) | Q30: =IF(ISNUMBER(C30),IFERROR(N(I30)*VLOOKUP(C30,Sundry!$A$4:$G$20,5,TRUE),0),0) | R30: =IF(ISNUMBER(C30),IFERROR(N(J30)*VLOOKUP(C30,Sundry!$A$4:$G$20,3,TRUE),0),0) | S30: =N(K30) | T30: =M30+O30+P30+Q30+R30+S30
G31: =IF(ISNUMBER(F31),F31+Instellingen!$B$5,"") | H31: 1 | I31: 1 | J31: 0 | L31: =IFERROR(INDEX(Impregnatie!$B$4:$O$25,MATCH(C31,Impregnatie!$A$4:$A$25,0),MATCH(D31,Impregnatie!$B$3:$O$3,0))*(1+Instellingen!$B$4),"") | M31: =IF(AND(ISNUMBER(E31),ISNUMBER(L31)),E31*L31,0) | N31: =IFERROR(INDEX('Droge kous'!$B$4:$T$33,MATCH(C31,'Droge kous'!$A$4:$A$33,0),MATCH(D31,'Droge kous'!$B$3:$T$3,0)),"") | O31: =IF(AND(ISNUMBER(G31),ISNUMBER(N31)),G31*N31,0) | P31: =IF(ISNUMBER(C31),IFERROR(N(H31)*VLOOKUP(C31,Sundry!$A$4:$G$20,4,TRUE),0),0) | Q31: =IF(ISNUMBER(C31),IFERROR(N(I31)*VLOOKUP(C31,Sundry!$A$4:$G$20,5,TRUE),0),0) | R31: =IF(ISNUMBER(C31),IFERROR(N(J31)*VLOOKUP(C31,Sundry!$A$4:$G$20,3,TRUE),0),0) | S31: =N(K31) | T31: =M31+O31+P31+Q31+R31+S31
G32: =IF(ISNUMBER(F32),F32+Instellingen!$B$5,"") | H32: 1 | I32: 1 | J32: 0 | L32: =IFERROR(INDEX(Impregnatie!$B$4:$O$25,MATCH(C32,Impregnatie!$A$4:$A$25,0),MATCH(D32,Impregnatie!$B$3:$O$3,0))*(1+Instellingen!$B$4),"") | M32: =IF(AND(ISNUMBER(E32),ISNUMBER(L32)),E32*L32,0) | N32: =IFERROR(INDEX('Droge kous'!$B$4:$T$33,MATCH(C32,'Droge kous'!$A$4:$A$33,0),MATCH(D32,'Droge kous'!$B$3:$T$3,0)),"") | O32: =IF(AND(ISNUMBER(G32),ISNUMBER(N32)),G32*N32,0) | P32: =IF(ISNUMBER(C32),IFERROR(N(H32)*VLOOKUP(C32,Sundry!$A$4:$G$20,4,TRUE),0),0) | Q32: =IF(ISNUMBER(C32),IFERROR(N(I32)*VLOOKUP(C32,Sundry!$A$4:$G$20,5,TRUE),0),0) | R32: =IF(ISNUMBER(C32),IFERROR(N(J32)*VLOOKUP(C32,Sundry!$A$4:$G$20,3,TRUE),0),0) | S32: =N(K32) | T32: =M32+O32+P32+Q32+R32+S32
G33: =IF(ISNUMBER(F33),F33+Instellingen!$B$5,"") | H33: 1 | I33: 1 | J33: 0 | L33: =IFERROR(INDEX(Impregnatie!$B$4:$O$25,MATCH(C33,Impregnatie!$A$4:$A$25,0),MATCH(D33,Impregnatie!$B$3:$O$3,0))*(1+Instellingen!$B$4),"") | M33: =IF(AND(ISNUMBER(E33),ISNUMBER(L33)),E33*L33,0) | N33: =IFERROR(INDEX('Droge kous'!$B$4:$T$33,MATCH(C33,'Droge kous'!$A$4:$A$33,0),MATCH(D33,'Droge kous'!$B$3:$T$3,0)),"") | O33: =IF(AND(ISNUMBER(G33),ISNUMBER(N33)),G33*N33,0) | P33: =IF(ISNUMBER(C33),IFERROR(N(H33)*VLOOKUP(C33,Sundry!$A$4:$G$20,4,TRUE),0),0) | Q33: =IF(ISNUMBER(C33),IFERROR(N(I33)*VLOOKUP(C33,Sundry!$A$4:$G$20,5,TRUE),0),0) | R33: =IF(ISNUMBER(C33),IFERROR(N(J33)*VLOOKUP(C33,Sundry!$A$4:$G$20,3,TRUE),0),0) | S33: =N(K33) | T33: =M33+O33+P33+Q33+R33+S33
G34: =IF(ISNUMBER(F34),F34+Instellingen!$B$5,"") | H34: 1 | I34: 1 | J34: 0 | L34: =IFERROR(INDEX(Impregnatie!$B$4:$O$25,MATCH(C34,Impregnatie!$A$4:$A$25,0),MATCH(D34,Impregnatie!$B$3:$O$3,0))*(1+Instellingen!$B$4),"") | M34: =IF(AND(ISNUMBER(E34),ISNUMBER(L34)),E34*L34,0) | N34: =IFERROR(INDEX('Droge kous'!$B$4:$T$33,MATCH(C34,'Droge kous'!$A$4:$A$33,0),MATCH(D34,'Droge kous'!$B$3:$T$3,0)),"") | O34: =IF(AND(ISNUMBER(G34),ISNUMBER(N34)),G34*N34,0) | P34: =IF(ISNUMBER(C34),IFERROR(N(H34)*VLOOKUP(C34,Sundry!$A$4:$G$20,4,TRUE),0),0) | Q34: =IF(ISNUMBER(C34),IFERROR(N(I34)*VLOOKUP(C34,Sundry!$A$4:$G$20,5,TRUE),0),0) | R34: =IF(ISNUMBER(C34),IFERROR(N(J34)*VLOOKUP(C34,Sundry!$A$4:$G$20,3,TRUE),0),0) | S34: =N(K34) | T34: =M34+O34+P34+Q34+R34+S34
G35: =IF(ISNUMBER(F35),F35+Instellingen!$B$5,"") | H35: 1 | I35: 1 | J35: 0 | L35: =IFERROR(INDEX(Impregnatie!$B$4:$O$25,MATCH(C35,Impregnatie!$A$4:$A$25,0),MATCH(D35,Impregnatie!$B$3:$O$3,0))*(1+Instellingen!$B$4),"") | M35: =IF(AND(ISNUMBER(E35),ISNUMBER(L35)),E35*L35,0) | N35: =IFERROR(INDEX('Droge kous'!$B$4:$T$33,MATCH(C35,'Droge kous'!$A$4:$A$33,0),MATCH(D35,'Droge kous'!$B$3:$T$3,0)),"") | O35: =IF(AND(ISNUMBER(G35),ISNUMBER(N35)),G35*N35,0) | P35: =IF(ISNUMBER(C35),IFERROR(N(H35)*VLOOKUP(C35,Sundry!$A$4:$G$20,4,TRUE),0),0) | Q35: =IF(ISNUMBER(C35),IFERROR(N(I35)*VLOOKUP(C35,Sundry!$A$4:$G$20,5,TRUE),0),0) | R35: =IF(ISNUMBER(C35),IFERROR(N(J35)*VLOOKUP(C35,Sundry!$A$4:$G$20,3,TRUE),0),0) | S35: =N(K35) | T35: =M35+O35+P35+Q35+R35+S35
G36: =IF(ISNUMBER(F36),F36+Instellingen!$B$5,"") | H36: 1 | I36: 1 | J36: 0 | L36: =IFERROR(INDEX(Impregnatie!$B$4:$O$25,MATCH(C36,Impregnatie!$A$4:$A$25,0),MATCH(D36,Impregnatie!$B$3:$O$3,0))*(1+Instellingen!$B$4),"") | M36: =IF(AND(ISNUMBER(E36),ISNUMBER(L36)),E36*L36,0) | N36: =IFERROR(INDEX('Droge kous'!$B$4:$T$33,MATCH(C36,'Droge kous'!$A$4:$A$33,0),MATCH(D36,'Droge kous'!$B$3:$T$3,0)),"") | O36: =IF(AND(ISNUMBER(G36),ISNUMBER(N36)),G36*N36,0) | P36: =IF(ISNUMBER(C36),IFERROR(N(H36)*VLOOKUP(C36,Sundry!$A$4:$G$20,4,TRUE),0),0) | Q36: =IF(ISNUMBER(C36),IFERROR(N(I36)*VLOOKUP(C36,Sundry!$A$4:$G$20,5,TRUE),0),0) | R36: =IF(ISNUMBER(C36),IFERROR(N(J36)*VLOOKUP(C36,Sundry!$A$4:$G$20,3,TRUE),0),0) | S36: =N(K36) | T36: =M36+O36+P36+Q36+R36+S36
G37: =IF(ISNUMBER(F37),F37+Instellingen!$B$5,"") | H37: 1 | I37: 1 | J37: 0 | L37: =IFERROR(INDEX(Impregnatie!$B$4:$O$25,MATCH(C37,Impregnatie!$A$4:$A$25,0),MATCH(D37,Impregnatie!$B$3:$O$3,0))*(1+Instellingen!$B$4),"") | M37: =IF(AND(ISNUMBER(E37),ISNUMBER(L37)),E37*L37,0) | N37: =IFERROR(INDEX('Droge kous'!$B$4:$T$33,MATCH(C37,'Droge kous'!$A$4:$A$33,0),MATCH(D37,'Droge kous'!$B$3:$T$3,0)),"") | O37: =IF(AND(ISNUMBER(G37),ISNUMBER(N37)),G37*N37,0) | P37: =IF(ISNUMBER(C37),IFERROR(N(H37)*VLOOKUP(C37,Sundry!$A$4:$G$20,4,TRUE),0),0) | Q37: =IF(ISNUMBER(C37),IFERROR(N(I37)*VLOOKUP(C37,Sundry!$A$4:$G$20,5,TRUE),0),0) | R37: =IF(ISNUMBER(C37),IFERROR(N(J37)*VLOOKUP(C37,Sundry!$A$4:$G$20,3,TRUE),0),0) | S37: =N(K37) | T37: =M37+O37+P37+Q37+R37+S37
G38: =IF(ISNUMBER(F38),F38+Instellingen!$B$5,"") | H38: 1 | I38: 1 | J38: 0 | L38: =IFERROR(INDEX(Impregnatie!$B$4:$O$25,MATCH(C38,Impregnatie!$A$4:$A$25,0),MATCH(D38,Impregnatie!$B$3:$O$3,0))*(1+Instellingen!$B$4),"") | M38: =IF(AND(ISNUMBER(E38),ISNUMBER(L38)),E38*L38,0) | N38: =IFERROR(INDEX('Droge kous'!$B$4:$T$33,MATCH(C38,'Droge kous'!$A$4:$A$33,0),MATCH(D38,'Droge kous'!$B$3:$T$3,0)),"") | O38: =IF(AND(ISNUMBER(G38),ISNUMBER(N38)),G38*N38,0) | P38: =IF(ISNUMBER(C38),IFERROR(N(H38)*VLOOKUP(C38,Sundry!$A$4:$G$20,4,TRUE),0),0) | Q38: =IF(ISNUMBER(C38),IFERROR(N(I38)*VLOOKUP(C38,Sundry!$A$4:$G$20,5,TRUE),0),0) | R38: =IF(ISNUMBER(C38),IFERROR(N(J38)*VLOOKUP(C38,Sundry!$A$4:$G$20,3,TRUE),0),0) | S38: =N(K38) | T38: =M38+O38+P38+Q38+R38+S38
G39: =IF(ISNUMBER(F39),F39+Instellingen!$B$5,"") | H39: 1 | I39: 1 | J39: 0 | L39: =IFERROR(INDEX(Impregnatie!$B$4:$O$25,MATCH(C39,Impregnatie!$A$4:$A$25,0),MATCH(D39,Impregnatie!$B$3:$O$3,0))*(1+Instellingen!$B$4),"") | M39: =IF(AND(ISNUMBER(E39),ISNUMBER(L39)),E39*L39,0) | N39: =IFERROR(INDEX('Droge kous'!$B$4:$T$33,MATCH(C39,'Droge kous'!$A$4:$A$33,0),MATCH(D39,'Droge kous'!$B$3:$T$3,0)),"") | O39: =IF(AND(ISNUMBER(G39),ISNUMBER(N39)),G39*N39,0) | P39: =IF(ISNUMBER(C39),IFERROR(N(H39)*VLOOKUP(C39,Sundry!$A$4:$G$20,4,TRUE),0),0) | Q39: =IF(ISNUMBER(C39),IFERROR(N(I39)*VLOOKUP(C39,Sundry!$A$4:$G$20,5,TRUE),0),0) | R39: =IF(ISNUMBER(C39),IFERROR(N(J39)*VLOOKUP(C39,Sundry!$A$4:$G$20,3,TRUE),0),0) | S39: =N(K39) | T39: =M39+O39+P39+Q39+R39+S39
G40: =IF(ISNUMBER(F40),F40+Instellingen!$B$5,"") | H40: 1 | I40: 1 | J40: 0 | L40: =IFERROR(INDEX(Impregnatie!$B$4:$O$25,MATCH(C40,Impregnatie!$A$4:$A$25,0),MATCH(D40,Impregnatie!$B$3:$O$3,0))*(1+Instellingen!$B$4),"") | M40: =IF(AND(ISNUMBER(E40),ISNUMBER(L40)),E40*L40,0) | N40: =IFERROR(INDEX('Droge kous'!$B$4:$T$33,MATCH(C40,'Droge kous'!$A$4:$A$33,0),MATCH(D40,'Droge kous'!$B$3:$T$3,0)),"") | O40: =IF(AND(ISNUMBER(G40),ISNUMBER(N40)),G40*N40,0) | P40: =IF(ISNUMBER(C40),IFERROR(N(H40)*VLOOKUP(C40,Sundry!$A$4:$G$20,4,TRUE),0),0) | Q40: =IF(ISNUMBER(C40),IFERROR(N(I40)*VLOOKUP(C40,Sundry!$A$4:$G$20,5,TRUE),0),0) | R40: =IF(ISNUMBER(C40),IFERROR(N(J40)*VLOOKUP(C40,Sundry!$A$4:$G$20,3,TRUE),0),0) | S40: =N(K40) | T40: =M40+O40+P40+Q40+R40+S40
G41: =IF(ISNUMBER(F41),F41+Instellingen!$B$5,"") | H41: 1 | I41: 1 | J41: 0 | L41: =IFERROR(INDEX(Impregnatie!$B$4:$O$25,MATCH(C41,Impregnatie!$A$4:$A$25,0),MATCH(D41,Impregnatie!$B$3:$O$3,0))*(1+Instellingen!$B$4),"") | M41: =IF(AND(ISNUMBER(E41),ISNUMBER(L41)),E41*L41,0) | N41: =IFERROR(INDEX('Droge kous'!$B$4:$T$33,MATCH(C41,'Droge kous'!$A$4:$A$33,0),MATCH(D41,'Droge kous'!$B$3:$T$3,0)),"") | O41: =IF(AND(ISNUMBER(G41),ISNUMBER(N41)),G41*N41,0) | P41: =IF(ISNUMBER(C41),IFERROR(N(H41)*VLOOKUP(C41,Sundry!$A$4:$G$20,4,TRUE),0),0) | Q41: =IF(ISNUMBER(C41),IFERROR(N(I41)*VLOOKUP(C41,Sundry!$A$4:$G$20,5,TRUE),0),0) | R41: =IF(ISNUMBER(C41),IFERROR(N(J41)*VLOOKUP(C41,Sundry!$A$4:$G$20,3,TRUE),0),0) | S41: =N(K41) | T41: =M41+O41+P41+Q41+R41+S41
... G74: =IF(ISNUMBER(F74),F74+Instellingen!$B$5,"") | H74: 1 | I74: 1 | J74: 0 | L74: =IFERROR(INDEX(Impregnatie!$B$4:$O$25,MATCH(C74,Impregnatie!$A$4:$A$25,0),MATCH(D74,Impregnatie!$B$3:$O$3,0))*(1+Instellingen!$B$4),"") | M74: =IF(AND(ISNUMBER(E74),ISNUMBER(L74)),E74*L74,0) | N74: =IFERROR(INDEX('Droge kous'!$B$4:$T$33,MATCH(C74,'Droge kous'!$A$4:$A$33,0),MATCH(D74,'Droge kous'!$B$3:$T$3,0)),"") | O74: =IF(AND(ISNUMBER(G74),ISNUMBER(N74)),G74*N74,0) | P74: =IF(ISNUMBER(C74),IFERROR(N(H74)*VLOOKUP(C74,Sundry!$A$4:$G$20,4,TRUE),0),0) | Q74: =IF(ISNUMBER(C74),IFERROR(N(I74)*VLOOKUP(C74,Sundry!$A$4:$G$20,5,TRUE),0),0) | R74: =IF(ISNUMBER(C74),IFERROR(N(J74)*VLOOKUP(C74,Sundry!$A$4:$G$20,3,TRUE),0),0) | S74: =N(K74) | T74: =M74+O74+P74+Q74+R74+S74
A75: TOTAAL | M75: =SUM(M5:M74) | O75: =SUM(O5:O74) | P75: =SUM(P5:P74) | Q75: =SUM(Q5:Q74) | R75: =SUM(R5:R74) | S75: =SUM(S5:S74) | T75: =SUM(T5:T74)

Sheet Instellingen
A1: INSTELLINGEN
A3: Parameter | B3: Waarde | C3: Toelichting
A4: Indexatie % op impregnatieprijs | B4: 0 | C4: Bv. 0,04 = +4%. Voorbeeldfactuur week ~+4% af van de officiele lijst (DN250x6: lijst 42,44 / factuur 44,13).
A5: Extra meters droge kous t.o.v. omslaan | B5: 1 | C5: Droge kous (m) = Omslaan (m) + deze waarde. Uit factuur afgeleid: omslaan 4,47 -> droge kous 5,47.
A6: Standaard aantal eindstuk | B6: 1 | C6: Wordt als default in nieuwe regels gebruikt.
A7: Standaard aantal omslaan | B7: 1 | C7: Wordt als default in nieuwe regels gebruikt.
A10: Tip: pas de prijzen aan op de tabbladen 'Impregnatie', 'Droge kous' en 'Sundry'. Alle prijzen zijn bewerkbaar (gele/lichtblauwe cellen).

Sheet Impregnatie
A1: IMPREGNATIE — prijs per meter (€/m)
A2: ⚠ Controleer/actualiseer deze prijzen tegen uw actuele contract.
A3: DN \ Dikte (mm) | B3: 4.5 | C3: 6 | D3: 7.5 | E3: 9 | F3: 10.5 | G3: 12 | H3: 13.5 | I3: 15 | J3: 16.5 | K3: 18 | L3: 19.5 | M3: 21 | N3: 22.5 | O3: 24
A4: 200 | B4: 31.65 | C4: 36.91 | D4: 40.98
A5: 250 | C5: 42.44 | D5: 47.54 | E5: 51.91
A6: 300 | C6: 48.04 | D6: 54.1 | E6: 59.33 | F6: 66.54
A7: 350 | C7: 53.57 | D7: 60.73 | E7: 66.92 | F7: 76.15 | G7: 81.4
A8: 400 | D8: 66.65 | E8: 74 | F8: 84.26 | G8: 90.46
A9: 450 | D9: 73.34 | E9: 81.7 | F9: 92.88 | G9: 99.93 | H9: 108.89
A10: 500 | E10: 89.61 | F10: 101.96 | G10: 109.89 | H10: 119.95 | I10: 128.83
A11: 550 | E11: 97.46 | F11: 110.77 | G11: 119.87 | H11: 130.98 | I11: 140.72
A12: 600 | E12: 103.87 | F12: 117.99 | G12: 128 | H12: 139.87 | I12: 150.76
A13: 650 | F13: 126.88 | G13: 137.56 | H13: 150.53 | I13: 162.11 | J13: 178.08
A14: 700 | F14: 135.77 | G14: 146.72 | H14: 160.79 | I14: 173.3 | J14: 190.45
A15: 750 | G15: 156.31 | H15: 171.45 | I15: 184.81 | J15: 203.06 | K15: 216.57
A16: 800 | G16: 165.94 | H16: 183.29 | I16: 197.99 | J16: 217.33 | K16: 230.35
A17: 850 | H17: 193.75 | I17: 208.47 | J17: 229.23 | K17: 242.68 | L17: 261.37
A18: 900 | H18: 202.53 | I18: 218.95 | J18: 240.23 | K18: 254.97 | L18: 274.74
A19: 950 | I19: 229.42 | J19: 252.76 | K19: 268.53 | L19: 289.53 | M19: 308.87
A20: 1000 | I20: 245.06 | J20: 268.39 | K20: 285.39 | L20: 307.66 | M20: 324.51
A21: 1050 | J21: 281.94 | K21: 299.17 | L21: 321.65 | M21: 340.65 | N21: 365.87
A22: 1100 | J22: 295.81 | K22: 312.91 | L22: 336.96 | M22: 356.41 | N22: 380.42
A23: 1150 | K23: 326.66 | L23: 352.27 | M23: 372.17 | N23: 394.97 | O23: 417.74
A24: 1200 | K24: 340.28 | L24: 367.17 | M24: 386.18 | N24: 410.52 | O24: 434.81
A25: 1250 | K25: 354.05 | L25: 381.98 | M25: 401.82 | N25: 427.24 | O25: 452.57

Sheet Droge kous
A1: DROGE KOUS — prijs per meter (€/m)
A2: ⚠ Controleer/actualiseer deze prijzen. DN100–500 betrouwbaar overgenomen; controleer DN≥550 extra zorgvuldig.
A3: DN \ Dikte (mm) | B3: 3 | C3: 4.5 | D3: 6 | E3: 7.5 | F3: 9 | G3: 10.5 | H3: 12 | I3: 13.5 | J3: 15 | K3: 16.5 | L3: 18 | M3: 19.5 | N3: 21 | O3: 22.5 | P3: 24 | Q3: 25.5 | R3: 27 | S3: 28.5 | T3: 30
A4: 100 | B4: 3.79 | C4: 4.39 | D4: 4.71
A5: 150 | B5: 4.81 | C5: 5.71 | D5: 6.02
A6: 200 | B6: 6.15 | C6: 7.2 | D6: 7.38 | E6: 8.18
A7: 225 | B7: 6.92 | C7: 8.13 | D7: 8.24 | E7: 9.22
A8: 250 | B8: 7.69 | C8: 8.94 | D8: 9.05 | E8: 10.03 | F8: 10.54
A9: 300 | B9: 9.22 | C9: 10.73 | D9: 10.77 | E9: 11.88 | F9: 12.45 | G9: 14.41 | H9: 14.93
A10: 350 | B10: 10.76 | C10: 12.53 | D10: 12.45 | E10: 13.78 | F10: 14.47 | G10: 17.3 | H10: 17.41
A11: 400 | B11: 12.08 | C11: 13.65 | D11: 13.77 | E11: 15.18 | F11: 16.14 | G11: 19.15 | H11: 19.37 | I11: 20.84 | J11: 21.86
A12: 450 | D12: 15.35 | E12: 17.12 | F12: 18.24 | G12: 21.34 | H12: 21.62 | I12: 23.24 | J12: 24.36
A13: 500 | D13: 17.06 | E13: 19.49 | F13: 20.49 | G13: 23.86 | H13: 24.2 | I13: 26.05 | J13: 27.12 | K13: 30.43 | L13: 30.99
A14: 550
A15: 600
A16: 650
A17: 700
A18: 750
A19: 800
A20: 850
A21: 900
A22: 950
A23: 1000
A24: 1050
A25: 1100
... A33: 1500

Sheet Sundry
A1: SUNDRY — toebehoren (€)
A2: ⚠ Controleer/actualiseer. Eindstuk=Soft End, Omslaan=Turn Back, Verloop=Transition. Opzoeking op DN (ondergrens).
A3: DN ondergrens | B3: Bereik | C3: Transition (Verloop) | D3: Soft End (Eindstuk) | E3: Turn Back (Omslaan) | F3: Short Length | G3: Min. order (m)
A4: 0 | B4: 0 - 250 | C4: 235.72 | D4: 160.98 | E4: 160.98 | F4: 0 | G4: 0
A5: 251 | B5: 251 - 300 | C5: 252.96 | D5: 160.98 | E5: 160.98 | F5: 0 | G5: 0
A6: 301 | B6: 301 - 350 | C6: 264.46 | D6: 160.98 | E6: 160.98 | F6: 0 | G6: 0
A7: 351 | B7: 351 - 400 | C7: 264.46 | D7: 166.73 | E7: 166.73 | F7: 0 | G7: 0
A8: 401 | B8: 401 - 450 | C8: 298.96 | D8: 189.72 | E8: 189.72 | F8: 0 | G8: 0
A9: 451 | B9: 451 - 550 | C9: 327.7 | D9: 195.47 | E9: 195.47 | F9: 0 | G9: 0
A10: 551 | B10: 551 - 650 | C10: 344.95 | D10: 252.96 | E10: 252.96 | F10: 574.92 | G10: 80
A11: 651 | B11: 651 - 750 | C11: 379.45 | D11: 321.96 | E11: 321.96 | F11: 574.92 | G11: 50
A12: 751 | B12: 751 - 850 | C12: 402.44 | D12: 385.2 | E12: 385.2 | F12: 574.92 | G12: 50
A13: 851 | B13: 851 - 900 | C13: 459.94 | D13: 431.19 | E13: 431.19 | F13: 574.92 | G13: 50
A14: 901 | B14: 901 - 950 | C14: 517.43 | D14: 459.94 | E14: 459.94 | F14: 574.92 | G14: 50
A15: 951 | B15: 951 - 1100 | C15: 574.92 | D15: 488.68 | E15: 488.68 | F15: 574.92 | G15: 50
... A20: 1601 | B20: 1601 + | C20: 1494.79 | D20: 1149.84 | E20: 1149.84 | F20: 574.92 | G20: 25
