Workbook
Name \c: #N/A
Name \g: #N/A
Name \o: #N/A
Name \p: #N/A
Name Aansluiting: [1]Blad3!$B$8:$B$12
Name Afdrukbereik_MI: #REF!
Name Afdrukgebied: #REF!
Name arm: [1]Blad3!$B$15:$B$17
Name Cutters: [2]Codes!$U$3:$U$15
Name Dagen: #REF!
Name deellijnnummer: '[2] Overzicht deellijn'!$D$7:$D$104
Name diam: [2]Codes!$B$2:$B$44
Name diameters: '[2]Gewicht kous'!$A$4:$A$26
Name diktes: '[2]Gewicht kous'!$B$3:$AD$3
Name eindv: #REF!
Name even: [1]Blad1!#REF!
Name harstotaal: [2]Menggegevens!$A$3:$C$11
Name IDcode: [2]Voorbereiding!$D$9:$D$209
Name Impreg: #REF!
Name Inbrengen: [2]Codes!$Y$2:$Y$12
Name indicatie: #REF!
Name INSITUFORM: #N/A
Name inversiediepte: [2]Codes!$Y$2:$AB$12
Name inversiehoogte: [2]Codes!$AL$3:$AM$2017
Name KOLOM: '[2] Overzicht'!$C$315
Name kousdikte: [2]Codes!$AI$2:$AI$28
Name kousdiktes: [2]Codes!$AI$2:$AJ$28
Name kousdiktes\: [2]Codes!$CF$3:$CG$177
Name lengteberekening: [2]Codes!$AO$3:$AP$607
Name mat: #REF!
Name menghars: [2]Menggegevens!$A$3:$A$10
Name Nachtwerk: #REF!
Name Namen: [1]Lijsten!$B$12:$B$29
Name operator: [3]Lijsten!$C$4:$C$13
Name operator_ass: [3]Lijsten!$D$4:$D$13
Name Ploeg: #REF!
Name ploegen: [2]Codes!$BP$3:$BP$15
Name PUT: #REF!
Name putnr: #REF!
Name putnummer: #REF!
Name re: #REF!
Name RIJ: '[2] Overzicht'!$C$314
Name Saertex_S: Prijzen!$B$14:$S$70
Name slijptol: [1]Blad3!$B$13:$B$14
Name Soort_inlaat: [3]Lijsten!$H$4:$H$13
Name TVK: [3]Lijsten!$G$4:$G$13
Name uitv: #REF!
Name uitvoerders: [2]Codes!$Q$2:$Q$12
Name VALILIST: #REF!
Name Wagennummers: [1]Lijsten!$B$3:$B$10
Name Wakers: #REF!
Name Werkzaamheden: #REF!

Sheet Overzicht
B2: KOSTEN- & RESULTAATOVERZICHT
B3: Alle kosten in één oogopslag — gekoppeld aan de tabbladen Calculatie, Prijzen en Insituform-calc.
B5: Project | D5: =Calculatie!B3
B6: Opdrachtgever | D6: =Calculatie!B4
B7: Projectnummer | D7: =Calculatie!B2
B9: OPBRENGSTEN
B10: Gecorrigeerde aanneemsom | D10: =Calculatie!F24
B11: Totaal gefactureerd | D11: =Calculatie!F33
B12: Nog te factureren | D12: =Calculatie!F35
B14: KOSTEN
B15: Geboekte kosten t/m periode | D15: =Calculatie!F40
B16: Nog te boeken kosten | D16: =Calculatie!F51
B17: Prognose nog uit te voeren | D17: =Calculatie!F224
B18: Totaal prognose kosten einde werk | D18: =Calculatie!F227
B20: PROGNOSE RESULTAAT EINDE WERK
B21: Opbrengsten | D21: =Calculatie!F232
B22: Kosten | D22: =Calculatie!F233
B23: RESULTAAT | D23: =Calculatie!F235
B25: INSITUFORM DETAILCALCULATIE (aanvullend)
B26: Totaal materiaal (impregnatie+droog+sundry) | D26: ='Insituform-calc'!$T$75
B28: INDEXPERCENTAGES
B29: M-/S+ liner (Prijzen!AL11) | D29: =Prijzen!AL11
B30: Insituform (Prijzen!AL72) | D30: =Prijzen!AL72

Sheet Periodetrend
A1: PERIODETREND — materiaalkosten verdeeld over periodes (4 weken) o.b.v. inbrengdatum
A2: Periode 1 startdatum invullen (geel); de overige start/einddatums rekenen door per 28 dagen. Kousen vallen automatisch in de juiste periode.
A4: Periode | B4: Startdatum | C4: Einddatum | D4: Materiaal in periode | E4: Materiaal gerealiseerd t/m periode | F4: Materiaal nog te verwachten | G4: Periodeblad (tabnaam) | H4: Prognoseresultaat einde werk
A5: Periode 1 | B5: 45292 | C5: =B5+27 | D5: =SUMIFS(Kousen!$I$5:$I$80,Kousen!$H$5:$H$80,">="&$B5,Kousen!$H$5:$H$80,"<="&$C5) | E5: =SUMIFS(Kousen!$I$5:$I$80,Kousen!$H$5:$H$80,"<="&$C5) | F5: =SUM(Kousen!$I$5:$I$80)-$E5 | H5: =IFERROR(INDIRECT("'"&$G5&"'!F235"),"")
A6: Periode 2 | B6: =C5+1 | C6: =B6+27 | D6: =SUMIFS(Kousen!$I$5:$I$80,Kousen!$H$5:$H$80,">="&$B6,Kousen!$H$5:$H$80,"<="&$C6) | E6: =SUMIFS(Kousen!$I$5:$I$80,Kousen!$H$5:$H$80,"<="&$C6) | F6: =SUM(Kousen!$I$5:$I$80)-$E6 | H6: =IFERROR(INDIRECT("'"&$G6&"'!F235"),"")
A7: Periode 3 | B7: =C6+1 | C7: =B7+27 | D7: =SUMIFS(Kousen!$I$5:$I$80,Kousen!$H$5:$H$80,">="&$B7,Kousen!$H$5:$H$80,"<="&$C7) | E7: =SUMIFS(Kousen!$I$5:$I$80,Kousen!$H$5:$H$80,"<="&$C7) | F7: =SUM(Kousen!$I$5:$I$80)-$E7 | H7: =IFERROR(INDIRECT("'"&$G7&"'!F235"),"")
A8: Periode 4 | B8: =C7+1 | C8: =B8+27 | D8: =SUMIFS(Kousen!$I$5:$I$80,Kousen!$H$5:$H$80,">="&$B8,Kousen!$H$5:$H$80,"<="&$C8) | E8: =SUMIFS(Kousen!$I$5:$I$80,Kousen!$H$5:$H$80,"<="&$C8) | F8: =SUM(Kousen!$I$5:$I$80)-$E8 | H8: =IFERROR(INDIRECT("'"&$G8&"'!F235"),"")
A9: Periode 5 | B9: =C8+1 | C9: =B9+27 | D9: =SUMIFS(Kousen!$I$5:$I$80,Kousen!$H$5:$H$80,">="&$B9,Kousen!$H$5:$H$80,"<="&$C9) | E9: =SUMIFS(Kousen!$I$5:$I$80,Kousen!$H$5:$H$80,"<="&$C9) | F9: =SUM(Kousen!$I$5:$I$80)-$E9 | H9: =IFERROR(INDIRECT("'"&$G9&"'!F235"),"")
A10: Periode 6 | B10: =C9+1 | C10: =B10+27 | D10: =SUMIFS(Kousen!$I$5:$I$80,Kousen!$H$5:$H$80,">="&$B10,Kousen!$H$5:$H$80,"<="&$C10) | E10: =SUMIFS(Kousen!$I$5:$I$80,Kousen!$H$5:$H$80,"<="&$C10) | F10: =SUM(Kousen!$I$5:$I$80)-$E10 | H10: =IFERROR(INDIRECT("'"&$G10&"'!F235"),"")
A11: Periode 7 | B11: =C10+1 | C11: =B11+27 | D11: =SUMIFS(Kousen!$I$5:$I$80,Kousen!$H$5:$H$80,">="&$B11,Kousen!$H$5:$H$80,"<="&$C11) | E11: =SUMIFS(Kousen!$I$5:$I$80,Kousen!$H$5:$H$80,"<="&$C11) | F11: =SUM(Kousen!$I$5:$I$80)-$E11 | H11: =IFERROR(INDIRECT("'"&$G11&"'!F235"),"")
A12: Periode 8 | B12: =C11+1 | C12: =B12+27 | D12: =SUMIFS(Kousen!$I$5:$I$80,Kousen!$H$5:$H$80,">="&$B12,Kousen!$H$5:$H$80,"<="&$C12) | E12: =SUMIFS(Kousen!$I$5:$I$80,Kousen!$H$5:$H$80,"<="&$C12) | F12: =SUM(Kousen!$I$5:$I$80)-$E12 | H12: =IFERROR(INDIRECT("'"&$G12&"'!F235"),"")
A13: Periode 9 | B13: =C12+1 | C13: =B13+27 | D13: =SUMIFS(Kousen!$I$5:$I$80,Kousen!$H$5:$H$80,">="&$B13,Kousen!$H$5:$H$80,"<="&$C13) | E13: =SUMIFS(Kousen!$I$5:$I$80,Kousen!$H$5:$H$80,"<="&$C13) | F13: =SUM(Kousen!$I$5:$I$80)-$E13 | H13: =IFERROR(INDIRECT("'"&$G13&"'!F235"),"")
A14: Periode 10 | B14: =C13+1 | C14: =B14+27 | D14: =SUMIFS(Kousen!$I$5:$I$80,Kousen!$H$5:$H$80,">="&$B14,Kousen!$H$5:$H$80,"<="&$C14) | E14: =SUMIFS(Kousen!$I$5:$I$80,Kousen!$H$5:$H$80,"<="&$C14) | F14: =SUM(Kousen!$I$5:$I$80)-$E14 | H14: =IFERROR(INDIRECT("'"&$G14&"'!F235"),"")
A15: Periode 11 | B15: =C14+1 | C15: =B15+27 | D15: =SUMIFS(Kousen!$I$5:$I$80,Kousen!$H$5:$H$80,">="&$B15,Kousen!$H$5:$H$80,"<="&$C15) | E15: =SUMIFS(Kousen!$I$5:$I$80,Kousen!$H$5:$H$80,"<="&$C15) | F15: =SUM(Kousen!$I$5:$I$80)-$E15 | H15: =IFERROR(INDIRECT("'"&$G15&"'!F235"),"")
A16: Periode 12 | B16: =C15+1 | C16: =B16+27 | D16: =SUMIFS(Kousen!$I$5:$I$80,Kousen!$H$5:$H$80,">="&$B16,Kousen!$H$5:$H$80,"<="&$C16) | E16: =SUMIFS(Kousen!$I$5:$I$80,Kousen!$H$5:$H$80,"<="&$C16) | F16: =SUM(Kousen!$I$5:$I$80)-$E16 | H16: =IFERROR(INDIRECT("'"&$G16&"'!F235"),"")
A17: Periode 13 | B17: =C16+1 | C17: =B17+27 | D17: =SUMIFS(Kousen!$I$5:$I$80,Kousen!$H$5:$H$80,">="&$B17,Kousen!$H$5:$H$80,"<="&$C17) | E17: =SUMIFS(Kousen!$I$5:$I$80,Kousen!$H$5:$H$80,"<="&$C17) | F17: =SUM(Kousen!$I$5:$I$80)-$E17 | H17: =IFERROR(INDIRECT("'"&$G17&"'!F235"),"")
A19: Totaal materiaal alle kousen: | D19: =SUM(Kousen!$I$5:$I$80)

Sheet Kousen
A1: KOUSEN — masterlijst met inbrengdatum (bepaalt de periode) en automatische kostprijs
A2: Geel = invoer. Kostprijs en periode rekenen automatisch (kostprijs via Prijzen-blad: UV = liner×0,58, JK = Insituform/m).
A4: Kousnr | B4: Locatie / straat | C4: Type | D4: Liner-soort | E4: DN | F4: Dikte (mm) | G4: Lengte (m) | H4: Inbreng- datum | I4: Kostprijs (€) | J4: Periode (auto)
A5: 501 | B5: schansbaan | C5: JK | E5: 250 | F5: 6 | G5: 121.8 | H5: 45294 | I5: =IFERROR(IF($C5="UV",IF($D5="S+ liner",$G5*INDEX(Prijzen!$C$15:$P$70,MATCH($E5,Prijzen!$B$15:$B$70,0),MATCH($F5,Prijzen!$C$14:$O$14,0))*0.58,IF($D5="M liner",$G5*INDEX(Prijzen!$C$2:$P$11,MATCH($E5,Prijzen!$B$2:$B$11,0),MATCH($F5,Prijzen!$C$1:$P$1,0))*0.58,0)),$G5*INDEX(Prijzen!$C$73:$P$94,MATCH($E5,Prijzen!$B$73:$B$94,0),MATCH($F5,Prijzen!$C$72:$P$72,0))),0) | J5: =IF($H5="","nog te plannen",IFERROR(LOOKUP($H5,Periodetrend!$B$5:$B$17,Periodetrend!$A$5:$A$17),"vóór P1"))
A6: 502 | B6: semsschans | C6: JK | E6: 250 | F6: 6 | G6: 30.6 | H6: 45296 | I6: =IFERROR(IF($C6="UV",IF($D6="S+ liner",$G6*INDEX(Prijzen!$C$15:$P$70,MATCH($E6,Prijzen!$B$15:$B$70,0),MATCH($F6,Prijzen!$C$14:$O$14,0))*0.58,IF($D6="M liner",$G6*INDEX(Prijzen!$C$2:$P$11,MATCH($E6,Prijzen!$B$2:$B$11,0),MATCH($F6,Prijzen!$C$1:$P$1,0))*0.58,0)),$G6*INDEX(Prijzen!$C$73:$P$94,MATCH($E6,Prijzen!$B$73:$B$94,0),MATCH($F6,Prijzen!$C$72:$P$72,0))),0) | J6: =IF($H6="","nog te plannen",IFERROR(LOOKUP($H6,Periodetrend!$B$5:$B$17,Periodetrend!$A$5:$A$17),"vóór P1"))
A7: 503 | B7: semsschans | C7: JK | E7: 250 | F7: 6 | G7: 60 | H7: 45298 | I7: =IFERROR(IF($C7="UV",IF($D7="S+ liner",$G7*INDEX(Prijzen!$C$15:$P$70,MATCH($E7,Prijzen!$B$15:$B$70,0),MATCH($F7,Prijzen!$C$14:$O$14,0))*0.58,IF($D7="M liner",$G7*INDEX(Prijzen!$C$2:$P$11,MATCH($E7,Prijzen!$B$2:$B$11,0),MATCH($F7,Prijzen!$C$1:$P$1,0))*0.58,0)),$G7*INDEX(Prijzen!$C$73:$P$94,MATCH($E7,Prijzen!$B$73:$B$94,0),MATCH($F7,Prijzen!$C$72:$P$72,0))),0) | J7: =IF($H7="","nog te plannen",IFERROR(LOOKUP($H7,Periodetrend!$B$5:$B$17,Periodetrend!$A$5:$A$17),"vóór P1"))
A8: 504 | B8: van rijswijckschans | C8: JK | E8: 250 | F8: 6 | G8: 104.7 | H8: 45300 | I8: =IFERROR(IF($C8="UV",IF($D8="S+ liner",$G8*INDEX(Prijzen!$C$15:$P$70,MATCH($E8,Prijzen!$B$15:$B$70,0),MATCH($F8,Prijzen!$C$14:$O$14,0))*0.58,IF($D8="M liner",$G8*INDEX(Prijzen!$C$2:$P$11,MATCH($E8,Prijzen!$B$2:$B$11,0),MATCH($F8,Prijzen!$C$1:$P$1,0))*0.58,0)),$G8*INDEX(Prijzen!$C$73:$P$94,MATCH($E8,Prijzen!$B$73:$B$94,0),MATCH($F8,Prijzen!$C$72:$P$72,0))),0) | J8: =IF($H8="","nog te plannen",IFERROR(LOOKUP($H8,Periodetrend!$B$5:$B$17,Periodetrend!$A$5:$A$17),"vóór P1"))
A9: 505 | B9: van rijswijckschans | C9: JK | E9: 250 | F9: 6 | G9: 67.3 | H9: 45302 | I9: =IFERROR(IF($C9="UV",IF($D9="S+ liner",$G9*INDEX(Prijzen!$C$15:$P$70,MATCH($E9,Prijzen!$B$15:$B$70,0),MATCH($F9,Prijzen!$C$14:$O$14,0))*0.58,IF($D9="M liner",$G9*INDEX(Prijzen!$C$2:$P$11,MATCH($E9,Prijzen!$B$2:$B$11,0),MATCH($F9,Prijzen!$C$1:$P$1,0))*0.58,0)),$G9*INDEX(Prijzen!$C$73:$P$94,MATCH($E9,Prijzen!$B$73:$B$94,0),MATCH($F9,Prijzen!$C$72:$P$72,0))),0) | J9: =IF($H9="","nog te plannen",IFERROR(LOOKUP($H9,Periodetrend!$B$5:$B$17,Periodetrend!$A$5:$A$17),"vóór P1"))
A10: 506 | B10: van rijswijckschans | C10: JK | E10: 250 | F10: 6 | G10: 42.1 | H10: 45304 | I10: =IFERROR(IF($C10="UV",IF($D10="S+ liner",$G10*INDEX(Prijzen!$C$15:$P$70,MATCH($E10,Prijzen!$B$15:$B$70,0),MATCH($F10,Prijzen!$C$14:$O$14,0))*0.58,IF($D10="M liner",$G10*INDEX(Prijzen!$C$2:$P$11,MATCH($E10,Prijzen!$B$2:$B$11,0),MATCH($F10,Prijzen!$C$1:$P$1,0))*0.58,0)),$G10*INDEX(Prijzen!$C$73:$P$94,MATCH($E10,Prijzen!$B$73:$B$94,0),MATCH($F10,Prijzen!$C$72:$P$72,0))),0) | J10: =IF($H10="","nog te plannen",IFERROR(LOOKUP($H10,Periodetrend!$B$5:$B$17,Periodetrend!$A$5:$A$17),"vóór P1"))
A11: 507 | B11: van rijswijckschans | C11: JK | E11: 250 | F11: 6 | G11: 35.4 | H11: 45306 | I11: =IFERROR(IF($C11="UV",IF($D11="S+ liner",$G11*INDEX(Prijzen!$C$15:$P$70,MATCH($E11,Prijzen!$B$15:$B$70,0),MATCH($F11,Prijzen!$C$14:$O$14,0))*0.58,IF($D11="M liner",$G11*INDEX(Prijzen!$C$2:$P$11,MATCH($E11,Prijzen!$B$2:$B$11,0),MATCH($F11,Prijzen!$C$1:$P$1,0))*0.58,0)),$G11*INDEX(Prijzen!$C$73:$P$94,MATCH($E11,Prijzen!$B$73:$B$94,0),MATCH($F11,Prijzen!$C$72:$P$72,0))),0) | J11: =IF($H11="","nog te plannen",IFERROR(LOOKUP($H11,Periodetrend!$B$5:$B$17,Periodetrend!$A$5:$A$17),"vóór P1"))
A12: 508 | B12: offerhausschans | C12: JK | E12: 250 | F12: 6 | G12: 41.1 | H12: 45308 | I12: =IFERROR(IF($C12="UV",IF($D12="S+ liner",$G12*INDEX(Prijzen!$C$15:$P$70,MATCH($E12,Prijzen!$B$15:$B$70,0),MATCH($F12,Prijzen!$C$14:$O$14,0))*0.58,IF($D12="M liner",$G12*INDEX(Prijzen!$C$2:$P$11,MATCH($E12,Prijzen!$B$2:$B$11,0),MATCH($F12,Prijzen!$C$1:$P$1,0))*0.58,0)),$G12*INDEX(Prijzen!$C$73:$P$94,MATCH($E12,Prijzen!$B$73:$B$94,0),MATCH($F12,Prijzen!$C$72:$P$72,0))),0) | J12: =IF($H12="","nog te plannen",IFERROR(LOOKUP($H12,Periodetrend!$B$5:$B$17,Periodetrend!$A$5:$A$17),"vóór P1"))
A13: 509 | B13: pelschans | C13: JK | E13: 250 | F13: 6 | G13: 90.4 | H13: 45310 | I13: =IFERROR(IF($C13="UV",IF($D13="S+ liner",$G13*INDEX(Prijzen!$C$15:$P$70,MATCH($E13,Prijzen!$B$15:$B$70,0),MATCH($F13,Prijzen!$C$14:$O$14,0))*0.58,IF($D13="M liner",$G13*INDEX(Prijzen!$C$2:$P$11,MATCH($E13,Prijzen!$B$2:$B$11,0),MATCH($F13,Prijzen!$C$1:$P$1,0))*0.58,0)),$G13*INDEX(Prijzen!$C$73:$P$94,MATCH($E13,Prijzen!$B$73:$B$94,0),MATCH($F13,Prijzen!$C$72:$P$72,0))),0) | J13: =IF($H13="","nog te plannen",IFERROR(LOOKUP($H13,Periodetrend!$B$5:$B$17,Periodetrend!$A$5:$A$17),"vóór P1"))
A14: 510 | B14: merkesschans | C14: JK | E14: 250 | F14: 6 | G14: 133.9 | H14: 45321 | I14: =IFERROR(IF($C14="UV",IF($D14="S+ liner",$G14*INDEX(Prijzen!$C$15:$P$70,MATCH($E14,Prijzen!$B$15:$B$70,0),MATCH($F14,Prijzen!$C$14:$O$14,0))*0.58,IF($D14="M liner",$G14*INDEX(Prijzen!$C$2:$P$11,MATCH($E14,Prijzen!$B$2:$B$11,0),MATCH($F14,Prijzen!$C$1:$P$1,0))*0.58,0)),$G14*INDEX(Prijzen!$C$73:$P$94,MATCH($E14,Prijzen!$B$73:$B$94,0),MATCH($F14,Prijzen!$C$72:$P$72,0))),0) | J14: =IF($H14="","nog te plannen",IFERROR(LOOKUP($H14,Periodetrend!$B$5:$B$17,Periodetrend!$A$5:$A$17),"vóór P1"))
A15: 511 | B15: klinckaertschans | C15: JK | E15: 250 | F15: 6 | G15: 92.3 | H15: 45324 | I15: =IFERROR(IF($C15="UV",IF($D15="S+ liner",$G15*INDEX(Prijzen!$C$15:$P$70,MATCH($E15,Prijzen!$B$15:$B$70,0),MATCH($F15,Prijzen!$C$14:$O$14,0))*0.58,IF($D15="M liner",$G15*INDEX(Prijzen!$C$2:$P$11,MATCH($E15,Prijzen!$B$2:$B$11,0),MATCH($F15,Prijzen!$C$1:$P$1,0))*0.58,0)),$G15*INDEX(Prijzen!$C$73:$P$94,MATCH($E15,Prijzen!$B$73:$B$94,0),MATCH($F15,Prijzen!$C$72:$P$72,0))),0) | J15: =IF($H15="","nog te plannen",IFERROR(LOOKUP($H15,Periodetrend!$B$5:$B$17,Periodetrend!$A$5:$A$17),"vóór P1"))
A16: 512 | B16: lijnbaan | C16: JK | E16: 250 | F16: 6 | G16: 124.6 | H16: 45327 | I16: =IFERROR(IF($C16="UV",IF($D16="S+ liner",$G16*INDEX(Prijzen!$C$15:$P$70,MATCH($E16,Prijzen!$B$15:$B$70,0),MATCH($F16,Prijzen!$C$14:$O$14,0))*0.58,IF($D16="M liner",$G16*INDEX(Prijzen!$C$2:$P$11,MATCH($E16,Prijzen!$B$2:$B$11,0),MATCH($F16,Prijzen!$C$1:$P$1,0))*0.58,0)),$G16*INDEX(Prijzen!$C$73:$P$94,MATCH($E16,Prijzen!$B$73:$B$94,0),MATCH($F16,Prijzen!$C$72:$P$72,0))),0) | J16: =IF($H16="","nog te plannen",IFERROR(LOOKUP($H16,Periodetrend!$B$5:$B$17,Periodetrend!$A$5:$A$17),"vóór P1"))
... A29: 525 | B29: van rijswijckschans | C29: JK | E29: 250 | F29: 6 | G29: 106.1 | H29: 45370 | I29: =IFERROR(IF($C29="UV",IF($D29="S+ liner",$G29*INDEX(Prijzen!$C$15:$P$70,MATCH($E29,Prijzen!$B$15:$B$70,0),MATCH($F29,Prijzen!$C$14:$O$14,0))*0.58,IF($D29="M liner",$G29*INDEX(Prijzen!$C$2:$P$11,MATCH($E29,Prijzen!$B$2:$B$11,0),MATCH($F29,Prijzen!$C$1:$P$1,0))*0.58,0)),$G29*INDEX(Prijzen!$C$73:$P$94,MATCH($E29,Prijzen!$B$73:$B$94,0),MATCH($F29,Prijzen!$C$72:$P$72,0))),0) | J29: =IF($H29="","nog te plannen",IFERROR(LOOKUP($H29,Periodetrend!$B$5:$B$17,Periodetrend!$A$5:$A$17),"vóór P1"))
I30: =IFERROR(IF($C30="UV",IF($D30="S+ liner",$G30*INDEX(Prijzen!$C$15:$P$70,MATCH($E30,Prijzen!$B$15:$B$70,0),MATCH($F30,Prijzen!$C$14:$O$14,0))*0.58,IF($D30="M liner",$G30*INDEX(Prijzen!$C$2:$P$11,MATCH($E30,Prijzen!$B$2:$B$11,0),MATCH($F30,Prijzen!$C$1:$P$1,0))*0.58,0)),$G30*INDEX(Prijzen!$C$73:$P$94,MATCH($E30,Prijzen!$B$73:$B$94,0),MATCH($F30,Prijzen!$C$72:$P$72,0))),0) | J30: =IF($H30="","nog te plannen",IFERROR(LOOKUP($H30,Periodetrend!$B$5:$B$17,Periodetrend!$A$5:$A$17),"vóór P1"))
I31: =IFERROR(IF($C31="UV",IF($D31="S+ liner",$G31*INDEX(Prijzen!$C$15:$P$70,MATCH($E31,Prijzen!$B$15:$B$70,0),MATCH($F31,Prijzen!$C$14:$O$14,0))*0.58,IF($D31="M liner",$G31*INDEX(Prijzen!$C$2:$P$11,MATCH($E31,Prijzen!$B$2:$B$11,0),MATCH($F31,Prijzen!$C$1:$P$1,0))*0.58,0)),$G31*INDEX(Prijzen!$C$73:$P$94,MATCH($E31,Prijzen!$B$73:$B$94,0),MATCH($F31,Prijzen!$C$72:$P$72,0))),0) | J31: =IF($H31="","nog te plannen",IFERROR(LOOKUP($H31,Periodetrend!$B$5:$B$17,Periodetrend!$A$5:$A$17),"vóór P1"))
I32: =IFERROR(IF($C32="UV",IF($D32="S+ liner",$G32*INDEX(Prijzen!$C$15:$P$70,MATCH($E32,Prijzen!$B$15:$B$70,0),MATCH($F32,Prijzen!$C$14:$O$14,0))*0.58,IF($D32="M liner",$G32*INDEX(Prijzen!$C$2:$P$11,MATCH($E32,Prijzen!$B$2:$B$11,0),MATCH($F32,Prijzen!$C$1:$P$1,0))*0.58,0)),$G32*INDEX(Prijzen!$C$73:$P$94,MATCH($E32,Prijzen!$B$73:$B$94,0),MATCH($F32,Prijzen!$C$72:$P$72,0))),0) | J32: =IF($H32="","nog te plannen",IFERROR(LOOKUP($H32,Periodetrend!$B$5:$B$17,Periodetrend!$A$5:$A$17),"vóór P1"))
I33: =IFERROR(IF($C33="UV",IF($D33="S+ liner",$G33*INDEX(Prijzen!$C$15:$P$70,MATCH($E33,Prijzen!$B$15:$B$70,0),MATCH($F33,Prijzen!$C$14:$O$14,0))*0.58,IF($D33="M liner",$G33*INDEX(Prijzen!$C$2:$P$11,MATCH($E33,Prijzen!$B$2:$B$11,0),MATCH($F33,Prijzen!$C$1:$P$1,0))*0.58,0)),$G33*INDEX(Prijzen!$C$73:$P$94,MATCH($E33,Prijzen!$B$73:$B$94,0),MATCH($F33,Prijzen!$C$72:$P$72,0))),0) | J33: =IF($H33="","nog te plannen",IFERROR(LOOKUP($H33,Periodetrend!$B$5:$B$17,Periodetrend!$A$5:$A$17),"vóór P1"))
I34: =IFERROR(IF($C34="UV",IF($D34="S+ liner",$G34*INDEX(Prijzen!$C$15:$P$70,MATCH($E34,Prijzen!$B$15:$B$70,0),MATCH($F34,Prijzen!$C$14:$O$14,0))*0.58,IF($D34="M liner",$G34*INDEX(Prijzen!$C$2:$P$11,MATCH($E34,Prijzen!$B$2:$B$11,0),MATCH($F34,Prijzen!$C$1:$P$1,0))*0.58,0)),$G34*INDEX(Prijzen!$C$73:$P$94,MATCH($E34,Prijzen!$B$73:$B$94,0),MATCH($F34,Prijzen!$C$72:$P$72,0))),0) | J34: =IF($H34="","nog te plannen",IFERROR(LOOKUP($H34,Periodetrend!$B$5:$B$17,Periodetrend!$A$5:$A$17),"vóór P1"))
I35: =IFERROR(IF($C35="UV",IF($D35="S+ liner",$G35*INDEX(Prijzen!$C$15:$P$70,MATCH($E35,Prijzen!$B$15:$B$70,0),MATCH($F35,Prijzen!$C$14:$O$14,0))*0.58,IF($D35="M liner",$G35*INDEX(Prijzen!$C$2:$P$11,MATCH($E35,Prijzen!$B$2:$B$11,0),MATCH($F35,Prijzen!$C$1:$P$1,0))*0.58,0)),$G35*INDEX(Prijzen!$C$73:$P$94,MATCH($E35,Prijzen!$B$73:$B$94,0),MATCH($F35,Prijzen!$C$72:$P$72,0))),0) | J35: =IF($H35="","nog te plannen",IFERROR(LOOKUP($H35,Periodetrend!$B$5:$B$17,Periodetrend!$A$5:$A$17),"vóór P1"))
I36: =IFERROR(IF($C36="UV",IF($D36="S+ liner",$G36*INDEX(Prijzen!$C$15:$P$70,MATCH($E36,Prijzen!$B$15:$B$70,0),MATCH($F36,Prijzen!$C$14:$O$14,0))*0.58,IF($D36="M liner",$G36*INDEX(Prijzen!$C$2:$P$11,MATCH($E36,Prijzen!$B$2:$B$11,0),MATCH($F36,Prijzen!$C$1:$P$1,0))*0.58,0)),$G36*INDEX(Prijzen!$C$73:$P$94,MATCH($E36,Prijzen!$B$73:$B$94,0),MATCH($F36,Prijzen!$C$72:$P$72,0))),0) | J36: =IF($H36="","nog te plannen",IFERROR(LOOKUP($H36,Periodetrend!$B$5:$B$17,Periodetrend!$A$5:$A$17),"vóór P1"))
I37: =IFERROR(IF($C37="UV",IF($D37="S+ liner",$G37*INDEX(Prijzen!$C$15:$P$70,MATCH($E37,Prijzen!$B$15:$B$70,0),MATCH($F37,Prijzen!$C$14:$O$14,0))*0.58,IF($D37="M liner",$G37*INDEX(Prijzen!$C$2:$P$11,MATCH($E37,Prijzen!$B$2:$B$11,0),MATCH($F37,Prijzen!$C$1:$P$1,0))*0.58,0)),$G37*INDEX(Prijzen!$C$73:$P$94,MATCH($E37,Prijzen!$B$73:$B$94,0),MATCH($F37,Prijzen!$C$72:$P$72,0))),0) | J37: =IF($H37="","nog te plannen",IFERROR(LOOKUP($H37,Periodetrend!$B$5:$B$17,Periodetrend!$A$5:$A$17),"vóór P1"))
I38: =IFERROR(IF($C38="UV",IF($D38="S+ liner",$G38*INDEX(Prijzen!$C$15:$P$70,MATCH($E38,Prijzen!$B$15:$B$70,0),MATCH($F38,Prijzen!$C$14:$O$14,0))*0.58,IF($D38="M liner",$G38*INDEX(Prijzen!$C$2:$P$11,MATCH($E38,Prijzen!$B$2:$B$11,0),MATCH($F38,Prijzen!$C$1:$P$1,0))*0.58,0)),$G38*INDEX(Prijzen!$C$73:$P$94,MATCH($E38,Prijzen!$B$73:$B$94,0),MATCH($F38,Prijzen!$C$72:$P$72,0))),0) | J38: =IF($H38="","nog te plannen",IFERROR(LOOKUP($H38,Periodetrend!$B$5:$B$17,Periodetrend!$A$5:$A$17),"vóór P1"))
I39: =IFERROR(IF($C39="UV",IF($D39="S+ liner",$G39*INDEX(Prijzen!$C$15:$P$70,MATCH($E39,Prijzen!$B$15:$B$70,0),MATCH($F39,Prijzen!$C$14:$O$14,0))*0.58,IF($D39="M liner",$G39*INDEX(Prijzen!$C$2:$P$11,MATCH($E39,Prijzen!$B$2:$B$11,0),MATCH($F39,Prijzen!$C$1:$P$1,0))*0.58,0)),$G39*INDEX(Prijzen!$C$73:$P$94,MATCH($E39,Prijzen!$B$73:$B$94,0),MATCH($F39,Prijzen!$C$72:$P$72,0))),0) | J39: =IF($H39="","nog te plannen",IFERROR(LOOKUP($H39,Periodetrend!$B$5:$B$17,Periodetrend!$A$5:$A$17),"vóór P1"))
I40: =IFERROR(IF($C40="UV",IF($D40="S+ liner",$G40*INDEX(Prijzen!$C$15:$P$70,MATCH($E40,Prijzen!$B$15:$B$70,0),MATCH($F40,Prijzen!$C$14:$O$14,0))*0.58,IF($D40="M liner",$G40*INDEX(Prijzen!$C$2:$P$11,MATCH($E40,Prijzen!$B$2:$B$11,0),MATCH($F40,Prijzen!$C$1:$P$1,0))*0.58,0)),$G40*INDEX(Prijzen!$C$73:$P$94,MATCH($E40,Prijzen!$B$73:$B$94,0),MATCH($F40,Prijzen!$C$72:$P$72,0))),0) | J40: =IF($H40="","nog te plannen",IFERROR(LOOKUP($H40,Periodetrend!$B$5:$B$17,Periodetrend!$A$5:$A$17),"vóór P1"))
I41: =IFERROR(IF($C41="UV",IF($D41="S+ liner",$G41*INDEX(Prijzen!$C$15:$P$70,MATCH($E41,Prijzen!$B$15:$B$70,0),MATCH($F41,Prijzen!$C$14:$O$14,0))*0.58,IF($D41="M liner",$G41*INDEX(Prijzen!$C$2:$P$11,MATCH($E41,Prijzen!$B$2:$B$11,0),MATCH($F41,Prijzen!$C$1:$P$1,0))*0.58,0)),$G41*INDEX(Prijzen!$C$73:$P$94,MATCH($E41,Prijzen!$B$73:$B$94,0),MATCH($F41,Prijzen!$C$72:$P$72,0))),0) | J41: =IF($H41="","nog te plannen",IFERROR(LOOKUP($H41,Periodetrend!$B$5:$B$17,Periodetrend!$A$5:$A$17),"vóór P1"))
... I80: =IFERROR(IF($C80="UV",IF($D80="S+ liner",$G80*INDEX(Prijzen!$C$15:$P$70,MATCH($E80,Prijzen!$B$15:$B$70,0),MATCH($F80,Prijzen!$C$14:$O$14,0))*0.58,IF($D80="M liner",$G80*INDEX(Prijzen!$C$2:$P$11,MATCH($E80,Prijzen!$B$2:$B$11,0),MATCH($F80,Prijzen!$C$1:$P$1,0))*0.58,0)),$G80*INDEX(Prijzen!$C$73:$P$94,MATCH($E80,Prijzen!$B$73:$B$94,0),MATCH($F80,Prijzen!$C$72:$P$72,0))),0) | J80: =IF($H80="","nog te plannen",IFERROR(LOOKUP($H80,Periodetrend!$B$5:$B$17,Periodetrend!$A$5:$A$17),"vóór P1"))
H81: TOTAAL | I81: =SUM(I5:I80)

Sheet Calculatie
A1: ALGEMEEN — projectgegevens
A2: Projectnummer
A3: Project
A4: Opdrachtgever
A6: Aanneemsom
A7: Aanneemsom (excl. btw)
A9: Afwijking | B9: hvh/eenh. | C9: eenh. | D9: Prijs per eenh. | E9: aantal | F9: Totaal
A10: Meer putten | B10: 1 | C10: EUR | E10: 1 | F10: =+B10*D10
A11: Meer grondwerk | B11: 1 | C11: EUR | D11: 0 | E11: 1 | F11: =+B11*D11
A12: Meer verkeersmaatregelen | B12: 1 | C12: EUR | D12: 0 | E12: 1 | F12: =+B12*D12
B13: 1 | C13: EUR | D13: 0 | E13: 1 | F13: =+B13*D13
B14: 1 | C14: EUR | D14: 0 | E14: 1 | F14: =+B14*D14
B15: 1 | C15: EUR | D15: 0 | E15: 1 | F15: =+B15*D15
B16: 1 | C16: EUR | D16: 0 | E16: 1 | F16: =+B16*D16
B17: 1 | C17: EUR | D17: 0 | E17: 1 | F17: =+B17*D17
B18: 1 | C18: EUR | D18: 0 | E18: 1 | F18: =+B18*D18
B19: 1 | C19: EUR | D19: 0 | E19: 1 | F19: =+B19*D19
B20: 1 | C20: EUR | D20: 0 | E20: 1 | F20: =+B20*D20
B21: 1 | C21: EUR | D21: 0 | E21: 1 | F21: =+B21*D21
B22: 1 | C22: EUR | D22: 0 | E22: 1 | F22: =+B22*D22
A24: Gecorrigeerde aanneemsom | F24: =SUM(F7:F22)
A26: Verrekende termijnen
A27: Termijn 1 | B27: 1 | C27: EUR | D27: 0 | E27: 1 | F27: =+B27*D27
A28: Termijn 2 | B28: 1 | C28: EUR | D28: 0 | E28: 1 | F28: =+B28*D28
A29: Termijn 3 | B29: 1 | C29: EUR | D29: 0 | E29: 1 | F29: =+B29*D29
A30: Termijn 4 | B30: 1 | C30: EUR | D30: 0 | E30: 1 | F30: =+B30*D30
A31: Termijn 5 | B31: 1 | C31: EUR | D31: 0 | E31: 1 | F31: =+B31*D31
A33: Totaal gefactueerd | F33: =SUM(F27:F31)
A35: Nog te factureren | F35: =F24-F33
A38: Kosten
A39: Geboekte kosten t/m deze periode
A40: Geboekte kosten t/m deze periode | F40: 4907
A42: Nog te boeken kosten deze periode | B42: hvh/eenh. | C42: eenh. | D42: Prijs per eenh. | E42: aantal | F42: Totaal
C43: EUR | D43: 1 | E43: 1 | F43: =B43*D43*E43
F45: 0
A47: subtotaal | F47: =SUM(F43:F45)
A49: Algemenkosten 10% | B49: 10 | C49: % | F49: =SUM(F43:F46)*B49%
A51: Totaal nog te boeken kosten t/m deze periode | F51: =SUM(F47:F49)
A53: Prognose kosten nog uit te voeren/Verwachte kosten
A54: Verwachte kosten — blauwe prijscellen zijn gekoppeld aan 'Tarieven 2026' (schakel Hoog/Laag daar).
A55: Verificatie-inspectie | B55: hvh/eenh. | C55: eenh. | D55: Prijs per eenh. | E55: aantal | F55: Totaal
A56: Rioolcombi | C56: dag | D56: =IF('Tarieven 2026'!$J$4="Hoog",'Tarieven 2026'!E11,'Tarieven 2026'!G11) | E56: 1 | F56: =D56*B56*E56 | G56: Combi 2 man — Tarieven 2026
A57: Zuigwagen | C57: dag | D57: =IF('Tarieven 2026'!$J$4="Hoog",'Tarieven 2026'!E9,'Tarieven 2026'!G9) | E57: 1 | F57: =D57*B57*E57 | G57: Vacuumwagen 2 man — Tarieven 2026
A58: Inspectie | C58: dag | D58: =IF('Tarieven 2026'!$J$4="Hoog",'Tarieven 2026'!E12,'Tarieven 2026'!G12) | E58: 1 | F58: =D58*B58*E58 | G58: Inspectie-unit conv. 1 man — Tarieven 2026
A59: Werkbus met medewerker | C59: dag | D59: =IF('Tarieven 2026'!$J$4="Hoog",'Tarieven 2026'!E21,'Tarieven 2026'!G21)+'Tarieven 2026'!G26 | E59: 1 | F59: =D59*B59*E59 | G59: Transportbus + operationeel — Tarieven 2026
A60: Afsluiters | C60: week | D60: 0 | E60: 1 | F60: =D60*B60*E60
A61: Stortkosten slib | C61: ton | D61: ='Tarieven 2026'!F22 | E61: 1 | F61: =D61*B61*E61 | G61: Stortkosten RKG-slib p/ton — Tarieven 2026
A62: Hotel | C62: nacht | D62: 250 | E62: 1 | F62: =B62*D62*E62
A64: Verwijderen obstakels
A65: Robotfrees | C65: dag | D65: =IF('Tarieven 2026'!$J$4="Hoog",'Tarieven 2026'!E16,'Tarieven 2026'!G16) | E65: 1 | F65: =B65*D65*E65 | G65: Robotfrees-unit 2 man — Tarieven 2026
A66: Reiniging | C66: dag | D66: =IF('Tarieven 2026'!$J$4="Hoog",'Tarieven 2026'!E5,'Tarieven 2026'!G5) | E66: 1 | F66: =B66*D66*E66 | G66: RR combinatie 2 man — Tarieven 2026
A67: Inspectie | C67: dag | D67: =IF('Tarieven 2026'!$J$4="Hoog",'Tarieven 2026'!E12,'Tarieven 2026'!G12) | E67: 1 | F67: =B67*D67*E67 | G67: Inspectie-unit conv. 1 man — Tarieven 2026
A68: Afsluiters | C68: week | D68: 0 | E68: 1 | F68: =B68*D68*E68
A69: Stortkosten slib | C69: ton | D69: ='Tarieven 2026'!F22 | E69: 1 | F69: =B69*D69*E69 | G69: Stortkosten RKG-slib p/ton — Tarieven 2026
A70: Hotel | C70: nacht | D70: 250 | E70: 2 | F70: =B70*D70*E70
A72: Renovatie
A73: Robotfrees | C73: dag | D73: =IF('Tarieven 2026'!$J$4="Hoog",'Tarieven 2026'!E16,'Tarieven 2026'!G16) | E73: 1 | F73: =B73*D73*E73 | G73: Robotfrees-unit 2 man — Tarieven 2026
A74: Reiniging | C74: dag | D74: =IF('Tarieven 2026'!$J$4="Hoog",'Tarieven 2026'!E5,'Tarieven 2026'!G5) | E74: 1 | F74: =B74*D74*E74 | G74: RR combinatie 2 man — Tarieven 2026
A75: Inspectie | C75: dag | D75: =IF('Tarieven 2026'!$J$4="Hoog",'Tarieven 2026'!E12,'Tarieven 2026'!G12) | E75: 1 | F75: =B75*D75*E75 | G75: Inspectie-unit conv. 1 man — Tarieven 2026
A76: UV-ploeg 4 man | B76: 5 | C76: dag | D76: ='Tarieven 2026'!G34 | E76: 1 | F76: =B76*D76*E76 | G76: UV-ploeg 4 man — Tarieven 2026
A77: Stoomploeg klein - drukvat 4 man | C77: dag | D77: ='Tarieven 2026'!G32 | E77: 1 | F77: =B77*D77*E77 | G77: Viltploeg stoom drukvat 4 man — Tarieven 2026
A78: Stoomploeg groot - DGA 6 man | C78: dag | D78: ='Tarieven 2026'!G33 | E78: 1 | F78: =B78*D78*E78 | G78: Viltploeg stoom DGA 6 man — Tarieven 2026
A79: Brandstof stook uren | C79: uur | D79: =150*2 | E79: 1 | F79: =B79*D79*E79 | G79: 150ltr per uur
A80: Waterploeg klein - chip 4 man | C80: dag | D80: ='Tarieven 2026'!G28 | E80: 1 | F80: =B80*D80*E80 | G80: Viltploeg water chip 4 man — Tarieven 2026
A81: Waterploeg groot - steiger 6 man | C81: dag | D81: ='Tarieven 2026'!G29 | E81: 1 | F81: =B81*D81*E81 | G81: Viltploeg water steiger 6 man — Tarieven 2026
A82: Brandstof stook uren | C82: uur | D82: =150*2 | E82: 1 | F82: =B82*D82*E82 | G82: 150ltr per uur
A83: Water ploeg extra stookwagen | C83: dag | D83: =+((2*52.5)+28+24)*8 | E83: 1 | F83: =B83*D83*E83 | G83: enkel de stookdagen doorrekenen
A84: Brandstof stook uren | C84: uur | D84: =250*2 | E84: 1 | F84: =B84*D84*E84 | G84: 250ltr per uur
A85: Wakers - 2 man nachturen | C85: nacht | D85: =(2*'Tarieven 2026'!$F$26)*12*1.3 | E85: 1 | F85: =B85*D85*E85 | G85: 2x operationeel x 12u x nachtfactor 1,3 — Tarieven 2026
A86: Wakers - 2 man uitslaapdag | C86: dag | D86: =(2*'Tarieven 2026'!$F$26)*8 | E86: 1 | F86: =B86*D86*E86 | G86: 2x operationeel x 8u — Tarieven 2026
A87: Telekraan - 40 tons | C87: uur | D87: 145 | E87: 1 | F87: =B87*D87*E87 | G87: Tatrief KVN
A88: Kraanauto t.b.v. transport grote liners | C88: uur | D88: 155 | E88: 1 | F88: =B88*D88*E88 | G88: Tatrief Westdijk
A89: Hotel | B89: 24 | C89: nacht | D89: 250 | E89: 1 | F89: =B89*D89*E89 | G89: Tarief incl. ontbijt, lunch, diner en vergoeding medewerker
A90: Stortkosten slib | C90: ton | D90: ='Tarieven 2026'!F22 | E90: 1 | F90: =D90*B90*E90 | G90: Stortkosten RKG-slib p/ton — Tarieven 2026
A92: Oplevering
A93: Reiniging | B93: 0.5 | C93: dag | D93: =IF('Tarieven 2026'!$J$4="Hoog",'Tarieven 2026'!E5,'Tarieven 2026'!G5) | E93: 1 | F93: =B93*D93*E93 | G93: RR combinatie 2 man (0,5 dag) — Tarieven 2026
A94: Inspectie | B94: 0.5 | C94: dag | D94: =IF('Tarieven 2026'!$J$4="Hoog",'Tarieven 2026'!E12,'Tarieven 2026'!G12) | E94: 1 | F94: =B94*D94*E94 | G94: Inspectie-unit conv. 1 man (0,5 dag) — Tarieven 2026
A96: Materiaal | I96: kousnr | J96: straat | K96: type | L96: van put | M96: naar put | N96: lengte | O96: dikte | P96: dia | Q96: aansl | R96: Type UV | S96: liner-soort | T96: Kolom2 | U96: Inbreng Datum | V96: Kolom3 | W96: Kolom4 | X96: Kolom5 | Y96: Kolom6 | Z96: Kolom7 | AA96: Kolom8 | AB96: Kolom9 | AC96: Kolom10 | AD96: Kolom11
A97: =IF(J97="","",_xlfn.CONCAT("Kous "&I97&" DN"&P97&" - "&O97&"mm - "&N97&"m - ("&J97&")")) | C97: EUR | D97: 1 | E97: 1 | F97: =IFERROR(B97*D97*E97,"") | I97: 1 | J97: 1 | K97: UV | L97: a | M97: b | N97: 30 | O97: 3 | P97: 500 | Q97: 0 | U97: 46023
A98: =IF(J98="","",_xlfn.CONCAT("Kous "&I98&" DN"&P98&" - "&O98&"mm - "&N98&"m - ("&J98&")")) | B98: =IFERROR(IF($K98="UV",IF($S98="S+ liner",($N98*(INDEX(Prijzen!$C$15:$P$70,MATCH($P98,Prijzen!$B$15:$B$70,0),MATCH($O98,Prijzen!$C$14:$O$14,0)))*0.58),IF($S98="M liner",($N98*(INDEX(Prijzen!$C$2:$P$11,MATCH($P98,Prijzen!$B$2:$B$11,0),MATCH($O98,Prijzen!$C$1:$P$1,0))))*0.58,0)),$N98*INDEX(Prijzen!$C$73:$P$94,MATCH($P98,Prijzen!$B$73:$B$94,0),MATCH($O98,Prijzen!$C$72:$P$72,0))),"") | C98: EUR | D98: 1 | E98: 1 | F98: =IFERROR(B98*D98*E98,"")
A99: =IF(J99="","",_xlfn.CONCAT("Kous "&I99&" DN"&P99&" - "&O99&"mm - "&N99&"m - ("&J99&")")) | B99: =IFERROR(IF($K99="UV",IF($S99="S+ liner",($N99*(INDEX(Prijzen!$C$15:$P$70,MATCH($P99,Prijzen!$B$15:$B$70,0),MATCH($O99,Prijzen!$C$14:$O$14,0)))*0.58),IF($S99="M liner",($N99*(INDEX(Prijzen!$C$2:$P$11,MATCH($P99,Prijzen!$B$2:$B$11,0),MATCH($O99,Prijzen!$C$1:$P$1,0))))*0.58,0)),$N99*INDEX(Prijzen!$C$73:$P$94,MATCH($P99,Prijzen!$B$73:$B$94,0),MATCH($O99,Prijzen!$C$72:$P$72,0))),"") | C99: EUR | D99: 1 | E99: 1 | F99: =IFERROR(B99*D99*E99,"")
A100: =IF(J100="","",_xlfn.CONCAT("Kous "&I100&" DN"&P100&" - "&O100&"mm - "&N100&"m - ("&J100&")")) | B100: =IFERROR(IF($K100="UV",IF($S100="S+ liner",($N100*(INDEX(Prijzen!$C$15:$P$70,MATCH($P100,Prijzen!$B$15:$B$70,0),MATCH($O100,Prijzen!$C$14:$O$14,0)))*0.58),IF($S100="M liner",($N100*(INDEX(Prijzen!$C$2:$P$11,MATCH($P100,Prijzen!$B$2:$B$11,0),MATCH($O100,Prijzen!$C$1:$P$1,0))))*0.58,0)),$N100*INDEX(Prijzen!$C$73:$P$94,MATCH($P100,Prijzen!$B$73:$B$94,0),MATCH($O100,Prijzen!$C$72:$P$72,0))),"") | C100: EUR | D100: 1 | E100: 1 | F100: =IFERROR(B100*D100*E100,"")
A101: =IF(J101="","",_xlfn.CONCAT("Kous "&I101&" DN"&P101&" - "&O101&"mm - "&N101&"m - ("&J101&")")) | B101: =IFERROR(IF($K101="UV",IF($S101="S+ liner",($N101*(INDEX(Prijzen!$C$15:$P$70,MATCH($P101,Prijzen!$B$15:$B$70,0),MATCH($O101,Prijzen!$C$14:$O$14,0)))*0.58),IF($S101="M liner",($N101*(INDEX(Prijzen!$C$2:$P$11,MATCH($P101,Prijzen!$B$2:$B$11,0),MATCH($O101,Prijzen!$C$1:$P$1,0))))*0.58,0)),$N101*INDEX(Prijzen!$C$73:$P$94,MATCH($P101,Prijzen!$B$73:$B$94,0),MATCH($O101,Prijzen!$C$72:$P$72,0))),"") | C101: EUR | D101: 1 | E101: 1 | F101: =IFERROR(B101*D101*E101,"")
A102: =IF(J102="","",_xlfn.CONCAT("Kous "&I102&" DN"&P102&" - "&O102&"mm - "&N102&"m - ("&J102&")")) | B102: =IFERROR(IF($K102="UV",IF($S102="S+ liner",($N102*(INDEX(Prijzen!$C$15:$P$70,MATCH($P102,Prijzen!$B$15:$B$70,0),MATCH($O102,Prijzen!$C$14:$O$14,0)))*0.58),IF($S102="M liner",($N102*(INDEX(Prijzen!$C$2:$P$11,MATCH($P102,Prijzen!$B$2:$B$11,0),MATCH($O102,Prijzen!$C$1:$P$1,0))))*0.58,0)),$N102*INDEX(Prijzen!$C$73:$P$94,MATCH($P102,Prijzen!$B$73:$B$94,0),MATCH($O102,Prijzen!$C$72:$P$72,0))),"") | C102: EUR | D102: 1 | E102: 1 | F102: =IFERROR(B102*D102*E102,"")
A103: =IF(J103="","",_xlfn.CONCAT("Kous "&I103&" DN"&P103&" - "&O103&"mm - "&N103&"m - ("&J103&")")) | B103: =IFERROR(IF($K103="UV",IF($S103="S+ liner",($N103*(INDEX(Prijzen!$C$15:$P$70,MATCH($P103,Prijzen!$B$15:$B$70,0),MATCH($O103,Prijzen!$C$14:$O$14,0)))*0.58),IF($S103="M liner",($N103*(INDEX(Prijzen!$C$2:$P$11,MATCH($P103,Prijzen!$B$2:$B$11,0),MATCH($O103,Prijzen!$C$1:$P$1,0))))*0.58,0)),$N103*INDEX(Prijzen!$C$73:$P$94,MATCH($P103,Prijzen!$B$73:$B$94,0),MATCH($O103,Prijzen!$C$72:$P$72,0))),"") | C103: EUR | D103: 1 | E103: 1 | F103: =IFERROR(B103*D103*E103,"")
A104: =IF(J104="","",_xlfn.CONCAT("Kous "&I104&" DN"&P104&" - "&O104&"mm - "&N104&"m - ("&J104&")")) | B104: =IFERROR(IF($K104="UV",IF($S104="S+ liner",($N104*(INDEX(Prijzen!$C$15:$P$70,MATCH($P104,Prijzen!$B$15:$B$70,0),MATCH($O104,Prijzen!$C$14:$O$14,0)))*0.58),IF($S104="M liner",($N104*(INDEX(Prijzen!$C$2:$P$11,MATCH($P104,Prijzen!$B$2:$B$11,0),MATCH($O104,Prijzen!$C$1:$P$1,0))))*0.58,0)),$N104*INDEX(Prijzen!$C$73:$P$94,MATCH($P104,Prijzen!$B$73:$B$94,0),MATCH($O104,Prijzen!$C$72:$P$72,0))),"") | C104: EUR | D104: 1 | E104: 1 | F104: =IFERROR(B104*D104*E104,"")
A105: =IF(J105="","",_xlfn.CONCAT("Kous "&I105&" DN"&P105&" - "&O105&"mm - "&N105&"m - ("&J105&")")) | B105: =IFERROR(IF($K105="UV",IF($S105="S+ liner",($N105*(INDEX(Prijzen!$C$15:$P$70,MATCH($P105,Prijzen!$B$15:$B$70,0),MATCH($O105,Prijzen!$C$14:$O$14,0)))*0.58),IF($S105="M liner",($N105*(INDEX(Prijzen!$C$2:$P$11,MATCH($P105,Prijzen!$B$2:$B$11,0),MATCH($O105,Prijzen!$C$1:$P$1,0))))*0.58,0)),$N105*INDEX(Prijzen!$C$73:$P$94,MATCH($P105,Prijzen!$B$73:$B$94,0),MATCH($O105,Prijzen!$C$72:$P$72,0))),"") | C105: EUR | D105: 1 | E105: 1 | F105: =IFERROR(B105*D105*E105,"")
A106: =IF(J106="","",_xlfn.CONCAT("Kous "&I106&" DN"&P106&" - "&O106&"mm - "&N106&"m - ("&J106&")")) | B106: =IFERROR(IF($K106="UV",IF($S106="S+ liner",($N106*(INDEX(Prijzen!$C$15:$P$70,MATCH($P106,Prijzen!$B$15:$B$70,0),MATCH($O106,Prijzen!$C$14:$O$14,0)))*0.58),IF($S106="M liner",($N106*(INDEX(Prijzen!$C$2:$P$11,MATCH($P106,Prijzen!$B$2:$B$11,0),MATCH($O106,Prijzen!$C$1:$P$1,0))))*0.58,0)),$N106*INDEX(Prijzen!$C$73:$P$94,MATCH($P106,Prijzen!$B$73:$B$94,0),MATCH($O106,Prijzen!$C$72:$P$72,0))),"") | C106: EUR | D106: 1 | E106: 1 | F106: =IFERROR(B106*D106*E106,"")
A107: =IF(J107="","",_xlfn.CONCAT("Kous "&I107&" DN"&P107&" - "&O107&"mm - "&N107&"m - ("&J107&")")) | B107: =IFERROR(IF($K107="UV",IF($S107="S+ liner",($N107*(INDEX(Prijzen!$C$15:$P$70,MATCH($P107,Prijzen!$B$15:$B$70,0),MATCH($O107,Prijzen!$C$14:$O$14,0)))*0.58),IF($S107="M liner",($N107*(INDEX(Prijzen!$C$2:$P$11,MATCH($P107,Prijzen!$B$2:$B$11,0),MATCH($O107,Prijzen!$C$1:$P$1,0))))*0.58,0)),$N107*INDEX(Prijzen!$C$73:$P$94,MATCH($P107,Prijzen!$B$73:$B$94,0),MATCH($O107,Prijzen!$C$72:$P$72,0))),"") | C107: EUR | D107: 1 | E107: 1 | F107: =IFERROR(B107*D107*E107,"")
A108: =IF(J108="","",_xlfn.CONCAT("Kous "&I108&" DN"&P108&" - "&O108&"mm - "&N108&"m - ("&J108&")")) | B108: =IFERROR(IF($K108="UV",IF($S108="S+ liner",($N108*(INDEX(Prijzen!$C$15:$P$70,MATCH($P108,Prijzen!$B$15:$B$70,0),MATCH($O108,Prijzen!$C$14:$O$14,0)))*0.58),IF($S108="M liner",($N108*(INDEX(Prijzen!$C$2:$P$11,MATCH($P108,Prijzen!$B$2:$B$11,0),MATCH($O108,Prijzen!$C$1:$P$1,0))))*0.58,0)),$N108*INDEX(Prijzen!$C$73:$P$94,MATCH($P108,Prijzen!$B$73:$B$94,0),MATCH($O108,Prijzen!$C$72:$P$72,0))),"") | C108: EUR | D108: 1 | E108: 1 | F108: =IFERROR(B108*D108*E108,"")
A109: =IF(J109="","",_xlfn.CONCAT("Kous "&I109&" DN"&P109&" - "&O109&"mm - "&N109&"m - ("&J109&")")) | B109: =IFERROR(IF($K109="UV",IF($S109="S+ liner",($N109*(INDEX(Prijzen!$C$15:$P$70,MATCH($P109,Prijzen!$B$15:$B$70,0),MATCH($O109,Prijzen!$C$14:$O$14,0)))*0.58),IF($S109="M liner",($N109*(INDEX(Prijzen!$C$2:$P$11,MATCH($P109,Prijzen!$B$2:$B$11,0),MATCH($O109,Prijzen!$C$1:$P$1,0))))*0.58,0)),$N109*INDEX(Prijzen!$C$73:$P$94,MATCH($P109,Prijzen!$B$73:$B$94,0),MATCH($O109,Prijzen!$C$72:$P$72,0))),"") | C109: EUR | D109: 1 | E109: 1 | F109: =IFERROR(B109*D109*E109,"")
... A204: =IF(J204="","",_xlfn.CONCAT("Kous "&I204&" DN"&P204&" - "&O204&"mm - "&N204&"m - ("&J204&")")) | B204: =IFERROR(IF($K204="UV",IF($S204="S+ liner",($N204*(INDEX(Prijzen!$C$15:$P$70,MATCH($P204,Prijzen!$B$15:$B$70,0),MATCH($O204,Prijzen!$C$14:$O$14,0)))*0.58),IF($S204="M liner",($N204*(INDEX(Prijzen!$C$2:$P$11,MATCH($P204,Prijzen!$B$2:$B$11,0),MATCH($O204,Prijzen!$C$1:$P$1,0))))*0.58,0)),$N204*INDEX(Prijzen!$C$73:$P$94,MATCH($P204,Prijzen!$B$73:$B$94,0),MATCH($O204,Prijzen!$C$72:$P$72,0))),"") | C204: EUR | D204: 1 | E204: 1 | F204: =IFERROR(B204*D204*E204,"")
A206: Overig
A207: Verkeersregelaars | C207: uur | D207: 42 | E207: 1 | F207: =B207*D207*E207
A208: Verkeersmaatregelen | C208: EUR | D208: 1 | E208: 1 | F208: =B208*D208*E208
A209: Verkeersplannen | C209: EUR | D209: 1 | E209: 1 | F209: =B209*D209*E209
A210: Civiele werkzaamheden | C210: EUR | D210: 1 | E210: 1 | F210: =B210*D210*E210
A211: Putrenovatie | C211: EUR | D211: 1 | E211: 1 | F211: =B211*D211*E211
A212: Pompen | C212: EUR | D212: 1 | E212: 1 | F212: =B212*D212*E212
A214: Uitvoering
...

Sheet Periode-sjabloon
A1: PERIODE-SJABLOON — kopieer dit blad per periode en hernoem (bv. 'Periode 2024-02')
A2: Projectnummer
A3: Project
A4: Opdrachtgever
A6: Aanneemsom
A7: Aanneemsom (excl. btw)
A9: Afwijking | B9: hvh/eenh. | C9: eenh. | D9: Prijs per eenh. | E9: aantal | F9: Totaal
A10: Meer putten | B10: 1 | C10: EUR | E10: 1 | F10: =+B10*D10
A11: Meer grondwerk | B11: 1 | C11: EUR | D11: 0 | E11: 1 | F11: =+B11*D11
A12: Meer verkeersmaatregelen | B12: 1 | C12: EUR | D12: 0 | E12: 1 | F12: =+B12*D12
B13: 1 | C13: EUR | D13: 0 | E13: 1 | F13: =+B13*D13
B14: 1 | C14: EUR | D14: 0 | E14: 1 | F14: =+B14*D14
B15: 1 | C15: EUR | D15: 0 | E15: 1 | F15: =+B15*D15
B16: 1 | C16: EUR | D16: 0 | E16: 1 | F16: =+B16*D16
B17: 1 | C17: EUR | D17: 0 | E17: 1 | F17: =+B17*D17
B18: 1 | C18: EUR | D18: 0 | E18: 1 | F18: =+B18*D18
B19: 1 | C19: EUR | D19: 0 | E19: 1 | F19: =+B19*D19
B20: 1 | C20: EUR | D20: 0 | E20: 1 | F20: =+B20*D20
B21: 1 | C21: EUR | D21: 0 | E21: 1 | F21: =+B21*D21
B22: 1 | C22: EUR | D22: 0 | E22: 1 | F22: =+B22*D22
A24: Gecorrigeerde aanneemsom | F24: =SUM(F7:F22)
A26: Verrekende termijnen
A27: Termijn 1 | B27: 1 | C27: EUR | D27: 0 | E27: 1 | F27: =+B27*D27
A28: Termijn 2 | B28: 1 | C28: EUR | D28: 0 | E28: 1 | F28: =+B28*D28
A29: Termijn 3 | B29: 1 | C29: EUR | D29: 0 | E29: 1 | F29: =+B29*D29
A30: Termijn 4 | B30: 1 | C30: EUR | D30: 0 | E30: 1 | F30: =+B30*D30
A31: Termijn 5 | B31: 1 | C31: EUR | D31: 0 | E31: 1 | F31: =+B31*D31
A33: Totaal gefactueerd | F33: =SUM(F27:F31)
A35: Nog te factureren | F35: =F24-F33
A38: Kosten
A39: Geboekte kosten t/m deze periode
A40: Geboekte kosten t/m deze periode | F40: 0
A42: Nog te boeken kosten deze periode | B42: hvh/eenh. | C42: eenh. | D42: Prijs per eenh. | E42: aantal | F42: Totaal
C43: EUR | D43: 1 | E43: 1 | F43: =B43*D43*E43
F45: 0
A47: subtotaal | F47: =SUM(F43:F45)
A49: Algemenkosten 10% | B49: 10 | C49: % | F49: =SUM(F43:F46)*B49%
A51: Totaal nog te boeken kosten t/m deze periode | F51: =SUM(F47:F49)
A53: Prognose kosten nog uit te voeren/Verwachte kosten
A54: Verwachte kosten — blauwe prijscellen zijn gekoppeld aan 'Tarieven 2026' (schakel Hoog/Laag daar).
A55: Verificatie-inspectie | B55: hvh/eenh. | C55: eenh. | D55: Prijs per eenh. | E55: aantal | F55: Totaal
A56: Rioolcombi | C56: dag | D56: =IF('Tarieven 2026'!$J$4="Hoog",'Tarieven 2026'!E11,'Tarieven 2026'!G11) | E56: 1 | F56: =D56*B56*E56 | G56: Combi 2 man — Tarieven 2026
A57: Zuigwagen | C57: dag | D57: =IF('Tarieven 2026'!$J$4="Hoog",'Tarieven 2026'!E9,'Tarieven 2026'!G9) | E57: 1 | F57: =D57*B57*E57 | G57: Vacuumwagen 2 man — Tarieven 2026
A58: Inspectie | C58: dag | D58: =IF('Tarieven 2026'!$J$4="Hoog",'Tarieven 2026'!E12,'Tarieven 2026'!G12) | E58: 1 | F58: =D58*B58*E58 | G58: Inspectie-unit conv. 1 man — Tarieven 2026
A59: Werkbus met medewerker | C59: dag | D59: =IF('Tarieven 2026'!$J$4="Hoog",'Tarieven 2026'!E21,'Tarieven 2026'!G21)+'Tarieven 2026'!G26 | E59: 1 | F59: =D59*B59*E59 | G59: Transportbus + operationeel — Tarieven 2026
A60: Afsluiters | C60: week | D60: 0 | E60: 1 | F60: =D60*B60*E60
A61: Stortkosten slib | C61: ton | D61: ='Tarieven 2026'!F22 | E61: 1 | F61: =D61*B61*E61 | G61: Stortkosten RKG-slib p/ton — Tarieven 2026
A62: Hotel | C62: nacht | D62: 250 | E62: 1 | F62: =B62*D62*E62
A64: Verwijderen obstakels
A65: Robotfrees | C65: dag | D65: =IF('Tarieven 2026'!$J$4="Hoog",'Tarieven 2026'!E16,'Tarieven 2026'!G16) | E65: 1 | F65: =B65*D65*E65 | G65: Robotfrees-unit 2 man — Tarieven 2026
A66: Reiniging | C66: dag | D66: =IF('Tarieven 2026'!$J$4="Hoog",'Tarieven 2026'!E5,'Tarieven 2026'!G5) | E66: 1 | F66: =B66*D66*E66 | G66: RR combinatie 2 man — Tarieven 2026
A67: Inspectie | C67: dag | D67: =IF('Tarieven 2026'!$J$4="Hoog",'Tarieven 2026'!E12,'Tarieven 2026'!G12) | E67: 1 | F67: =B67*D67*E67 | G67: Inspectie-unit conv. 1 man — Tarieven 2026
A68: Afsluiters | C68: week | D68: 0 | E68: 1 | F68: =B68*D68*E68
A69: Stortkosten slib | C69: ton | D69: ='Tarieven 2026'!F22 | E69: 1 | F69: =B69*D69*E69 | G69: Stortkosten RKG-slib p/ton — Tarieven 2026
A70: Hotel | C70: nacht | D70: 250 | E70: 2 | F70: =B70*D70*E70
A72: Renovatie
A73: Robotfrees | C73: dag | D73: =IF('Tarieven 2026'!$J$4="Hoog",'Tarieven 2026'!E16,'Tarieven 2026'!G16) | E73: 1 | F73: =B73*D73*E73 | G73: Robotfrees-unit 2 man — Tarieven 2026
A74: Reiniging | C74: dag | D74: =IF('Tarieven 2026'!$J$4="Hoog",'Tarieven 2026'!E5,'Tarieven 2026'!G5) | E74: 1 | F74: =B74*D74*E74 | G74: RR combinatie 2 man — Tarieven 2026
A75: Inspectie | C75: dag | D75: =IF('Tarieven 2026'!$J$4="Hoog",'Tarieven 2026'!E12,'Tarieven 2026'!G12) | E75: 1 | F75: =B75*D75*E75 | G75: Inspectie-unit conv. 1 man — Tarieven 2026
A76: UV-ploeg 4 man | B76: 5 | C76: dag | D76: ='Tarieven 2026'!G34 | E76: 1 | F76: =B76*D76*E76 | G76: UV-ploeg 4 man — Tarieven 2026
A77: Stoomploeg klein - drukvat 4 man | C77: dag | D77: ='Tarieven 2026'!G32 | E77: 1 | F77: =B77*D77*E77 | G77: Viltploeg stoom drukvat 4 man — Tarieven 2026
A78: Stoomploeg groot - DGA 6 man | C78: dag | D78: ='Tarieven 2026'!G33 | E78: 1 | F78: =B78*D78*E78 | G78: Viltploeg stoom DGA 6 man — Tarieven 2026
A79: Brandstof stook uren | C79: uur | D79: =150*2 | E79: 1 | F79: =B79*D79*E79 | G79: 150ltr per uur
A80: Waterploeg klein - chip 4 man | C80: dag | D80: ='Tarieven 2026'!G28 | E80: 1 | F80: =B80*D80*E80 | G80: Viltploeg water chip 4 man — Tarieven 2026
A81: Waterploeg groot - steiger 6 man | C81: dag | D81: ='Tarieven 2026'!G29 | E81: 1 | F81: =B81*D81*E81 | G81: Viltploeg water steiger 6 man — Tarieven 2026
A82: Brandstof stook uren | C82: uur | D82: =150*2 | E82: 1 | F82: =B82*D82*E82 | G82: 150ltr per uur
A83: Water ploeg extra stookwagen | C83: dag | D83: =+((2*52.5)+28+24)*8 | E83: 1 | F83: =B83*D83*E83 | G83: enkel de stookdagen doorrekenen
A84: Brandstof stook uren | C84: uur | D84: =250*2 | E84: 1 | F84: =B84*D84*E84 | G84: 250ltr per uur
A85: Wakers - 2 man nachturen | C85: nacht | D85: =(2*'Tarieven 2026'!$F$26)*12*1.3 | E85: 1 | F85: =B85*D85*E85 | G85: 2x operationeel x 12u x nachtfactor 1,3 — Tarieven 2026
A86: Wakers - 2 man uitslaapdag | C86: dag | D86: =(2*'Tarieven 2026'!$F$26)*8 | E86: 1 | F86: =B86*D86*E86 | G86: 2x operationeel x 8u — Tarieven 2026
A87: Telekraan - 40 tons | C87: uur | D87: 145 | E87: 1 | F87: =B87*D87*E87 | G87: Tatrief KVN
A88: Kraanauto t.b.v. transport grote liners | C88: uur | D88: 155 | E88: 1 | F88: =B88*D88*E88 | G88: Tatrief Westdijk
A89: Hotel | B89: 24 | C89: nacht | D89: 250 | E89: 1 | F89: =B89*D89*E89 | G89: Tarief incl. ontbijt, lunch, diner en vergoeding medewerker
A90: Stortkosten slib | C90: ton | D90: ='Tarieven 2026'!F22 | E90: 1 | F90: =D90*B90*E90 | G90: Stortkosten RKG-slib p/ton — Tarieven 2026
A92: Oplevering
A93: Reiniging | B93: 0.5 | C93: dag | D93: =IF('Tarieven 2026'!$J$4="Hoog",'Tarieven 2026'!E5,'Tarieven 2026'!G5) | E93: 1 | F93: =B93*D93*E93 | G93: RR combinatie 2 man (0,5 dag) — Tarieven 2026
A94: Inspectie | B94: 0.5 | C94: dag | D94: =IF('Tarieven 2026'!$J$4="Hoog",'Tarieven 2026'!E12,'Tarieven 2026'!G12) | E94: 1 | F94: =B94*D94*E94 | G94: Inspectie-unit conv. 1 man (0,5 dag) — Tarieven 2026
A96: Materiaal | I96: kousnr | J96: straat | K96: type | L96: van put | M96: naar put | N96: lengte | O96: dikte | P96: dia | Q96: aansl | R96: Type UV | S96: liner-soort | T96: Kolom2 | U96: Inbreng Datum | V96: Kolom3 | W96: Kolom4 | X96: Kolom5 | Y96: Kolom6 | Z96: Kolom7 | AA96: Kolom8 | AB96: Kolom9 | AC96: Kolom10 | AD96: Kolom11
A97: =IF(J97="","",_xlfn.CONCAT("Kous "&I97&" DN"&P97&" - "&O97&"mm - "&N97&"m - ("&J97&")")) | C97: EUR | D97: 1 | E97: 1 | F97: =IFERROR(B97*D97*E97,"")
A98: =IF(J98="","",_xlfn.CONCAT("Kous "&I98&" DN"&P98&" - "&O98&"mm - "&N98&"m - ("&J98&")")) | B98: =IFERROR(IF($K98="UV",IF($S98="S+ liner",($N98*(INDEX(Prijzen!$C$15:$P$70,MATCH($P98,Prijzen!$B$15:$B$70,0),MATCH($O98,Prijzen!$C$14:$O$14,0)))*0.58),IF($S98="M liner",($N98*(INDEX(Prijzen!$C$2:$P$11,MATCH($P98,Prijzen!$B$2:$B$11,0),MATCH($O98,Prijzen!$C$1:$P$1,0))))*0.58,0)),$N98*INDEX(Prijzen!$C$73:$P$94,MATCH($P98,Prijzen!$B$73:$B$94,0),MATCH($O98,Prijzen!$C$72:$P$72,0))),"") | C98: EUR | D98: 1 | E98: 1 | F98: =IFERROR(B98*D98*E98,"")
A99: =IF(J99="","",_xlfn.CONCAT("Kous "&I99&" DN"&P99&" - "&O99&"mm - "&N99&"m - ("&J99&")")) | B99: =IFERROR(IF($K99="UV",IF($S99="S+ liner",($N99*(INDEX(Prijzen!$C$15:$P$70,MATCH($P99,Prijzen!$B$15:$B$70,0),MATCH($O99,Prijzen!$C$14:$O$14,0)))*0.58),IF($S99="M liner",($N99*(INDEX(Prijzen!$C$2:$P$11,MATCH($P99,Prijzen!$B$2:$B$11,0),MATCH($O99,Prijzen!$C$1:$P$1,0))))*0.58,0)),$N99*INDEX(Prijzen!$C$73:$P$94,MATCH($P99,Prijzen!$B$73:$B$94,0),MATCH($O99,Prijzen!$C$72:$P$72,0))),"") | C99: EUR | D99: 1 | E99: 1 | F99: =IFERROR(B99*D99*E99,"")
A100: =IF(J100="","",_xlfn.CONCAT("Kous "&I100&" DN"&P100&" - "&O100&"mm - "&N100&"m - ("&J100&")")) | B100: =IFERROR(IF($K100="UV",IF($S100="S+ liner",($N100*(INDEX(Prijzen!$C$15:$P$70,MATCH($P100,Prijzen!$B$15:$B$70,0),MATCH($O100,Prijzen!$C$14:$O$14,0)))*0.58),IF($S100="M liner",($N100*(INDEX(Prijzen!$C$2:$P$11,MATCH($P100,Prijzen!$B$2:$B$11,0),MATCH($O100,Prijzen!$C$1:$P$1,0))))*0.58,0)),$N100*INDEX(Prijzen!$C$73:$P$94,MATCH($P100,Prijzen!$B$73:$B$94,0),MATCH($O100,Prijzen!$C$72:$P$72,0))),"") | C100: EUR | D100: 1 | E100: 1 | F100: =IFERROR(B100*D100*E100,"")
A101: =IF(J101="","",_xlfn.CONCAT("Kous "&I101&" DN"&P101&" - "&O101&"mm - "&N101&"m - ("&J101&")")) | B101: =IFERROR(IF($K101="UV",IF($S101="S+ liner",($N101*(INDEX(Prijzen!$C$15:$P$70,MATCH($P101,Prijzen!$B$15:$B$70,0),MATCH($O101,Prijzen!$C$14:$O$14,0)))*0.58),IF($S101="M liner",($N101*(INDEX(Prijzen!$C$2:$P$11,MATCH($P101,Prijzen!$B$2:$B$11,0),MATCH($O101,Prijzen!$C$1:$P$1,0))))*0.58,0)),$N101*INDEX(Prijzen!$C$73:$P$94,MATCH($P101,Prijzen!$B$73:$B$94,0),MATCH($O101,Prijzen!$C$72:$P$72,0))),"") | C101: EUR | D101: 1 | E101: 1 | F101: =IFERROR(B101*D101*E101,"")
A102: =IF(J102="","",_xlfn.CONCAT("Kous "&I102&" DN"&P102&" - "&O102&"mm - "&N102&"m - ("&J102&")")) | B102: =IFERROR(IF($K102="UV",IF($S102="S+ liner",($N102*(INDEX(Prijzen!$C$15:$P$70,MATCH($P102,Prijzen!$B$15:$B$70,0),MATCH($O102,Prijzen!$C$14:$O$14,0)))*0.58),IF($S102="M liner",($N102*(INDEX(Prijzen!$C$2:$P$11,MATCH($P102,Prijzen!$B$2:$B$11,0),MATCH($O102,Prijzen!$C$1:$P$1,0))))*0.58,0)),$N102*INDEX(Prijzen!$C$73:$P$94,MATCH($P102,Prijzen!$B$73:$B$94,0),MATCH($O102,Prijzen!$C$72:$P$72,0))),"") | C102: EUR | D102: 1 | E102: 1 | F102: =IFERROR(B102*D102*E102,"")
A103: =IF(J103="","",_xlfn.CONCAT("Kous "&I103&" DN"&P103&" - "&O103&"mm - "&N103&"m - ("&J103&")")) | B103: =IFERROR(IF($K103="UV",IF($S103="S+ liner",($N103*(INDEX(Prijzen!$C$15:$P$70,MATCH($P103,Prijzen!$B$15:$B$70,0),MATCH($O103,Prijzen!$C$14:$O$14,0)))*0.58),IF($S103="M liner",($N103*(INDEX(Prijzen!$C$2:$P$11,MATCH($P103,Prijzen!$B$2:$B$11,0),MATCH($O103,Prijzen!$C$1:$P$1,0))))*0.58,0)),$N103*INDEX(Prijzen!$C$73:$P$94,MATCH($P103,Prijzen!$B$73:$B$94,0),MATCH($O103,Prijzen!$C$72:$P$72,0))),"") | C103: EUR | D103: 1 | E103: 1 | F103: =IFERROR(B103*D103*E103,"")
A104: =IF(J104="","",_xlfn.CONCAT("Kous "&I104&" DN"&P104&" - "&O104&"mm - "&N104&"m - ("&J104&")")) | B104: =IFERROR(IF($K104="UV",IF($S104="S+ liner",($N104*(INDEX(Prijzen!$C$15:$P$70,MATCH($P104,Prijzen!$B$15:$B$70,0),MATCH($O104,Prijzen!$C$14:$O$14,0)))*0.58),IF($S104="M liner",($N104*(INDEX(Prijzen!$C$2:$P$11,MATCH($P104,Prijzen!$B$2:$B$11,0),MATCH($O104,Prijzen!$C$1:$P$1,0))))*0.58,0)),$N104*INDEX(Prijzen!$C$73:$P$94,MATCH($P104,Prijzen!$B$73:$B$94,0),MATCH($O104,Prijzen!$C$72:$P$72,0))),"") | C104: EUR | D104: 1 | E104: 1 | F104: =IFERROR(B104*D104*E104,"")
A105: =IF(J105="","",_xlfn.CONCAT("Kous "&I105&" DN"&P105&" - "&O105&"mm - "&N105&"m - ("&J105&")")) | B105: =IFERROR(IF($K105="UV",IF($S105="S+ liner",($N105*(INDEX(Prijzen!$C$15:$P$70,MATCH($P105,Prijzen!$B$15:$B$70,0),MATCH($O105,Prijzen!$C$14:$O$14,0)))*0.58),IF($S105="M liner",($N105*(INDEX(Prijzen!$C$2:$P$11,MATCH($P105,Prijzen!$B$2:$B$11,0),MATCH($O105,Prijzen!$C$1:$P$1,0))))*0.58,0)),$N105*INDEX(Prijzen!$C$73:$P$94,MATCH($P105,Prijzen!$B$73:$B$94,0),MATCH($O105,Prijzen!$C$72:$P$72,0))),"") | C105: EUR | D105: 1 | E105: 1 | F105: =IFERROR(B105*D105*E105,"")
A106: =IF(J106="","",_xlfn.CONCAT("Kous "&I106&" DN"&P106&" - "&O106&"mm - "&N106&"m - ("&J106&")")) | B106: =IFERROR(IF($K106="UV",IF($S106="S+ liner",($N106*(INDEX(Prijzen!$C$15:$P$70,MATCH($P106,Prijzen!$B$15:$B$70,0),MATCH($O106,Prijzen!$C$14:$O$14,0)))*0.58),IF($S106="M liner",($N106*(INDEX(Prijzen!$C$2:$P$11,MATCH($P106,Prijzen!$B$2:$B$11,0),MATCH($O106,Prijzen!$C$1:$P$1,0))))*0.58,0)),$N106*INDEX(Prijzen!$C$73:$P$94,MATCH($P106,Prijzen!$B$73:$B$94,0),MATCH($O106,Prijzen!$C$72:$P$72,0))),"") | C106: EUR | D106: 1 | E106: 1 | F106: =IFERROR(B106*D106*E106,"")
A107: =IF(J107="","",_xlfn.CONCAT("Kous "&I107&" DN"&P107&" - "&O107&"mm - "&N107&"m - ("&J107&")")) | B107: =IFERROR(IF($K107="UV",IF($S107="S+ liner",($N107*(INDEX(Prijzen!$C$15:$P$70,MATCH($P107,Prijzen!$B$15:$B$70,0),MATCH($O107,Prijzen!$C$14:$O$14,0)))*0.58),IF($S107="M liner",($N107*(INDEX(Prijzen!$C$2:$P$11,MATCH($P107,Prijzen!$B$2:$B$11,0),MATCH($O107,Prijzen!$C$1:$P$1,0))))*0.58,0)),$N107*INDEX(Prijzen!$C$73:$P$94,MATCH($P107,Prijzen!$B$73:$B$94,0),MATCH($O107,Prijzen!$C$72:$P$72,0))),"") | C107: EUR | D107: 1 | E107: 1 | F107: =IFERROR(B107*D107*E107,"")
A108: =IF(J108="","",_xlfn.CONCAT("Kous "&I108&" DN"&P108&" - "&O108&"mm - "&N108&"m - ("&J108&")")) | B108: =IFERROR(IF($K108="UV",IF($S108="S+ liner",($N108*(INDEX(Prijzen!$C$15:$P$70,MATCH($P108,Prijzen!$B$15:$B$70,0),MATCH($O108,Prijzen!$C$14:$O$14,0)))*0.58),IF($S108="M liner",($N108*(INDEX(Prijzen!$C$2:$P$11,MATCH($P108,Prijzen!$B$2:$B$11,0),MATCH($O108,Prijzen!$C$1:$P$1,0))))*0.58,0)),$N108*INDEX(Prijzen!$C$73:$P$94,MATCH($P108,Prijzen!$B$73:$B$94,0),MATCH($O108,Prijzen!$C$72:$P$72,0))),"") | C108: EUR | D108: 1 | E108: 1 | F108: =IFERROR(B108*D108*E108,"")
A109: =IF(J109="","",_xlfn.CONCAT("Kous "&I109&" DN"&P109&" - "&O109&"mm - "&N109&"m - ("&J109&")")) | B109: =IFERROR(IF($K109="UV",IF($S109="S+ liner",($N109*(INDEX(Prijzen!$C$15:$P$70,MATCH($P109,Prijzen!$B$15:$B$70,0),MATCH($O109,Prijzen!$C$14:$O$14,0)))*0.58),IF($S109="M liner",($N109*(INDEX(Prijzen!$C$2:$P$11,MATCH($P109,Prijzen!$B$2:$B$11,0),MATCH($O109,Prijzen!$C$1:$P$1,0))))*0.58,0)),$N109*INDEX(Prijzen!$C$73:$P$94,MATCH($P109,Prijzen!$B$73:$B$94,0),MATCH($O109,Prijzen!$C$72:$P$72,0))),"") | C109: EUR | D109: 1 | E109: 1 | F109: =IFERROR(B109*D109*E109,"")
... A204: =IF(J204="","",_xlfn.CONCAT("Kous "&I204&" DN"&P204&" - "&O204&"mm - "&N204&"m - ("&J204&")")) | B204: =IFERROR(IF($K204="UV",IF($S204="S+ liner",($N204*(INDEX(Prijzen!$C$15:$P$70,MATCH($P204,Prijzen!$B$15:$B$70,0),MATCH($O204,Prijzen!$C$14:$O$14,0)))*0.58),IF($S204="M liner",($N204*(INDEX(Prijzen!$C$2:$P$11,MATCH($P204,Prijzen!$B$2:$B$11,0),MATCH($O204,Prijzen!$C$1:$P$1,0))))*0.58,0)),$N204*INDEX(Prijzen!$C$73:$P$94,MATCH($P204,Prijzen!$B$73:$B$94,0),MATCH($O204,Prijzen!$C$72:$P$72,0))),"") | C204: EUR | D204: 1 | E204: 1 | F204: =IFERROR(B204*D204*E204,"")
A206: Overig
A207: Verkeersregelaars | C207: uur | D207: 42 | E207: 1 | F207: =B207*D207*E207
A208: Verkeersmaatregelen | C208: EUR | D208: 1 | E208: 1 | F208: =B208*D208*E208
A209: Verkeersplannen | C209: EUR | D209: 1 | E209: 1 | F209: =B209*D209*E209
A210: Civiele werkzaamheden | C210: EUR | D210: 1 | E210: 1 | F210: =B210*D210*E210
A211: Putrenovatie | C211: EUR | D211: 1 | E211: 1 | F211: =B211*D211*E211
A212: Pompen | C212: EUR | D212: 1 | E212: 1 | F212: =B212*D212*E212
A214: Uitvoering
...

Sheet Prijzen
B1: M-Liner DN | C1: 3 | D1: 4 | R1: JK | S1: JK RV | X1: nieuw | Y1: 50 | Z1: ploeg per uur | AA1: uitvoerder (max 8 uur) | AB1: project.ldr (max 8 uur) | AD1: Werkdag van | AE1: Totale kosten / dag | AO1: M-Liner | AP1: 3 | AQ1: 4
B2: 100 | C2: =IF(AP2+(AP2*$AL$11)=0,"",AP2+(AP2*$AL$11)) | D2: =IF(AQ2+(AQ2*$AL$11)=0,"",AQ2+(AQ2*$AL$11)) | R2: 13.11 | S2: 35.52 | X2: oud | Y2: 45 | AC2: kader | AO2: 100 | AP2: 24.61 | AQ2: 28.84
B3: 150 | C3: =IF(AP3+(AP3*$AL$11)=0,"",AP3+(AP3*$AL$11)) | D3: =IF(AQ3+(AQ3*$AL$11)=0,"",AQ3+(AQ3*$AL$11)) | R3: 14 | S3: 36.36 | X3: materieel | Y3: man | AC3: per uur | AJ3: 2022 PRIJZEN | AO3: 150 | AP3: 30.03 | AQ3: 34.19
B4: 200 | C4: =IF(AP4+(AP4*$AL$11)=0,"",AP4+(AP4*$AL$11)) | D4: =IF(AQ4+(AQ4*$AL$11)=0,"",AQ4+(AQ4*$AL$11)) | R4: 15.66 | S4: 37.04 | V4: 1 | W4: =_xlfn.CONCAT("Kleine waterset (",Y4," man)") | X4: 175.2 | Y4: 4 | Z4: =SUM((Y4*$Y$2)+X4) | AA4: 55 | AB4: 63 | AC4: =AA4+AB4 | AD4: 10 | AE4: =SUM((IF(AD4>8,(SUM(AB4+AA4)*8),(SUM(AB4+AA4)*AD4)))+(Z4*AD4)) | AO4: 200 | AP4: 36.31 | AQ4: 42.28
B5: 225 | C5: =IF(AP5+(AP5*$AL$11)=0,"",AP5+(AP5*$AL$11)) | D5: =IF(AQ5+(AQ5*$AL$11)=0,"",AQ5+(AQ5*$AL$11)) | R5: 15.66 | S5: 37.04 | V5: 1 | W5: =_xlfn.CONCAT("Grote waterset (",Y5," man)") | X5: 211.65 | Y5: 5 | Z5: =SUM((Y5*$Y$2)+X5) | AA5: 55 | AB5: 63 | AC5: =AA5+AB5 | AD5: 10 | AE5: =SUM((IF(AD5>8,(SUM(AB5+AA5)*8),(SUM(AB5+AA5)*AD5)))+(Z5*AD5)) | AO5: 225 | AP5: 39.27 | AQ5: 46.15
B6: 250 | C6: =IF(AP6+(AP6*$AL$11)=0,"",AP6+(AP6*$AL$11)) | D6: =IF(AQ6+(AQ6*$AL$11)=0,"",AQ6+(AQ6*$AL$11)) | R6: 16.76 | S6: 39.48 | V6: 1 | W6: =_xlfn.CONCAT("Grote waterset (",Y6," man)") | X6: 211.65 | Y6: 4 | Z6: =SUM((Y6*$Y$2)+X6) | AA6: 55 | AB6: 63 | AC6: =AA6+AB6 | AD6: 10 | AE6: =SUM((IF(AD6>8,(SUM(AB6+AA6)*8),(SUM(AB6+AA6)*AD6)))+(Z6*AD6)) | AO6: 250 | AP6: 42.49 | AQ6: 50.23
B7: 300 | C7: =IF(AP7+(AP7*$AL$11)=0,"",AP7+(AP7*$AL$11)) | D7: =IF(AQ7+(AQ7*$AL$11)=0,"",AQ7+(AQ7*$AL$11)) | R7: 18.2 | S7: 40.5 | V7: 1 | W7: =_xlfn.CONCAT("Kleine stoomset (",Y7," man)") | X7: 134.55 | Y7: 4 | Z7: =SUM((Y7*$Y$2)+X7) | AA7: 55 | AB7: 63 | AC7: =AA7+AB7 | AD7: 10 | AE7: =SUM((IF(AD7>8,(SUM(AB7+AA7)*8),(SUM(AB7+AA7)*AD7)))+(Z7*AD7)) | AJ7: vanaf 1 maart 2022 | AO7: 300 | AP7: 48.88 | AQ7: 58.44
B8: 250/375 | C8: =IF(AP8+(AP8*$AL$11)=0,"",AP8+(AP8*$AL$11)) | D8: =IF(AQ8+(AQ8*$AL$11)=0,"",AQ8+(AQ8*$AL$11)) | R8: 18.5 | S8: 41.46 | V8: 1 | W8: =_xlfn.CONCAT("Grote stoomset (",Y8," man)") | X8: 227.5 | Y8: 5 | Z8: =SUM((Y8*$Y$2)+X8) | AA8: 55 | AB8: 63 | AC8: =AA8+AB8 | AD8: 10 | AE8: =SUM((IF(AD8>8,(SUM(AB8+AA8)*8),(SUM(AB8+AA8)*AD8)))+(Z8*AD8)) | AO8: 250/375 | AQ8: 61.75
B9: 350 | C9: =IF(AP9+(AP9*$AL$11)=0,"",AP9+(AP9*$AL$11)) | D9: =IF(AQ9+(AQ9*$AL$11)=0,"",AQ9+(AQ9*$AL$11)) | R9: 20.48 | S9: 41.46 | V9: 2 | W9: =_xlfn.CONCAT("UV-set (incl. combi) (",Y9," man)") | X9: 215 | Y9: 5 | Z9: =SUM((Y9*$Y$2)+X9) | AA9: 55 | AB9: 63 | AC9: =AA9+AB9 | AD9: 10 | AE9: =SUM((IF(AD9>8,(SUM(AB9+AA9)*8),(SUM(AB9+AA9)*AD9)))+(Z9*AD9)) | AO9: 350 | AP9: 55.13 | AQ9: 66.48
B10: 300/450 | C10: =IF(AP10+(AP10*$AL$11)=0,"",AP10+(AP10*$AL$11)) | D10: =IF(AQ10+(AQ10*$AL$11)=0,"",AQ10+(AQ10*$AL$11)) | R10: 22.73 | S10: 43.61 | V10: 2 | W10: =_xlfn.CONCAT("UV-set (excl. combi) (",Y10," man)") | X10: 215 | Y10: 4 | Z10: 415 | AA10: 55 | AB10: 63 | AC10: =AA10+AB10 | AD10: 10 | AE10: =SUM((IF(AD10>8,(SUM(AB10+AA10)*8),(SUM(AB10+AA10)*AD10)))+(Z10*AD10)) | AO10: 300/450 | AP10: 58.74 | AQ10: 71.11
B11: 400 | C11: =IF(AP11+(AP11*$AL$11)=0,"",AP11+(AP11*$AL$11)) | D11: =IF(AQ11+(AQ11*$AL$11)=0,"",AQ11+(AQ11*$AL$11)) | R11: 22.73 | S11: 43.61 | V11: 5 | W11: Inspectie (eigen) | Z11: 105 | AK11: Index % (M/S+ liner) | AL11: 0.08 | AO11: 400 | AP11: 61.43 | AQ11: 74.61
V12: 5 | W12: Inspectie | Z12: 145
B13: 44725 | V13: 3 | W13: Combi (eigen) | X13: 70 | Y13: 1 | Z13: =SUM((Y13*$Y$2)+X13) | AC13: =AA13+AB13 | AD13: 10 | AE13: =SUM((IF(AD13>8,(SUM(AB13+AA13)*8),(SUM(AB13+AA13)*AD13)))+(Z13*AD13)) | AJ13: 44682
B14: S+ Liner DN | C14: 3 | D14: 4 | E14: 5 | F14: 6 | G14: 7 | H14: 8 | I14: 9 | J14: 10 | K14: 11 | L14: 12 | M14: 13 | N14: 14 | O14: 15 | Q14: diameter | R14: JK | S14: JK RV | V14: 3 | W14: Reiniging Combi | X14: 90 | Y14: 1 | Z14: =SUM((Y14*$Y$2)+X14) | AC14: =AA14+AB14 | AD14: 10 | AE14: =SUM((IF(AD14>8,(SUM(AB14+AA14)*8),(SUM(AB14+AA14)*AD14)))+(Z14*AD14)) | AJ14: S+ Liner | AK14: 3 | AL14: 4 | AM14: 5 | AN14: 6 | AO14: 7 | AP14: 8 | AQ14: 9 | AR14: 10 | AS14: 11 | AT14: 12 | AU14: 13 | AV14: 14 | AW14: 15
B15: 150 | C15: =IFERROR(IF(AK15+(AK15*$AL$11)=0,"",AK15+(AK15*$AL$11)),"") | D15: =IFERROR(IF(AL15+(AL15*$AL$11)=0,"",AL15+(AL15*$AL$11)),"") | E15: =IFERROR(IF(AM15+(AM15*$AL$11)=0,"",AM15+(AM15*$AL$11)),"") | F15: =IFERROR(IF(AN15+(AN15*$AL$11)=0,"",AN15+(AN15*$AL$11)),"") | G15: =IFERROR(IF(AO15+(AO15*$AL$11)=0,"",AO15+(AO15*$AL$11)),"") | H15: =IFERROR(IF(AP15+(AP15*$AL$11)=0,"",AP15+(AP15*$AL$11)),"") | I15: =IFERROR(IF(AQ15+(AQ15*$AL$11)=0,"",AQ15+(AQ15*$AL$11)),"") | J15: =IFERROR(IF(AR15+(AR15*$AL$11)=0,"",AR15+(AR15*$AL$11)),"") | ... O15: =IFERROR(IF(AW15+(AW15*$AL$11)=0,"",AW15+(AW15*$AL$11)),"") | Q15: 150 | R15: 13.11 | S15: 35.52 | V15: 4 | W15: =_xlfn.CONCAT("Freesunit (",Y15," man)") | X15: 78 | Y15: 2 | Z15: 168 | AC15: =AA15+AB15 | AD15: 10 | AE15: =SUM((IF(AD15>8,(SUM(AB15+AA15)*8),(SUM(AB15+AA15)*AD15)))+(Z15*AD15)) | AJ15: 150 | AK15: 41.1712 | AL15: 50.5344
B16: 200 | C16: =IFERROR(IF(AK16+(AK16*$AL$11)=0,"",AK16+(AK16*$AL$11)),"") | D16: =IFERROR(IF(AL16+(AL16*$AL$11)=0,"",AL16+(AL16*$AL$11)),"") | E16: =IFERROR(IF(AM16+(AM16*$AL$11)=0,"",AM16+(AM16*$AL$11)),"") | F16: =IFERROR(IF(AN16+(AN16*$AL$11)=0,"",AN16+(AN16*$AL$11)),"") | G16: =IFERROR(IF(AO16+(AO16*$AL$11)=0,"",AO16+(AO16*$AL$11)),"") | H16: =IFERROR(IF(AP16+(AP16*$AL$11)=0,"",AP16+(AP16*$AL$11)),"") | I16: =IFERROR(IF(AQ16+(AQ16*$AL$11)=0,"",AQ16+(AQ16*$AL$11)),"") | J16: =IFERROR(IF(AR16+(AR16*$AL$11)=0,"",AR16+(AR16*$AL$11)),"") | ... O16: =IFERROR(IF(AW16+(AW16*$AL$11)=0,"",AW16+(AW16*$AL$11)),"") | Q16: 200 | R16: 14 | S16: 36.36 | V16: 1 | W16: =_xlfn.CONCAT("1 Kleine waterset (",Y16," man)") | X16: 175.2 | Y16: 4 | Z16: =SUM((Y16*$Y$1)+X16) | AC16: =AA16+AB16 | AD16: 10 | AE16: =SUM((IF(AD16>8,(SUM(AB16+AA16)*8),(SUM(AB16+AA16)*AD16)))+(Z16*AD16)) | AJ16: 200 | AK16: 49.784 | AL16: 63.0336 | AM16: 74.4352 | AN16: 81.8832
B17: 225 | C17: =IFERROR(IF(AK17+(AK17*$AL$11)=0,"",AK17+(AK17*$AL$11)),"") | D17: =IFERROR(IF(AL17+(AL17*$AL$11)=0,"",AL17+(AL17*$AL$11)),"") | E17: =IFERROR(IF(AM17+(AM17*$AL$11)=0,"",AM17+(AM17*$AL$11)),"") | F17: =IFERROR(IF(AN17+(AN17*$AL$11)=0,"",AN17+(AN17*$AL$11)),"") | G17: =IFERROR(IF(AO17+(AO17*$AL$11)=0,"",AO17+(AO17*$AL$11)),"") | H17: =IFERROR(IF(AP17+(AP17*$AL$11)=0,"",AP17+(AP17*$AL$11)),"") | I17: =IFERROR(IF(AQ17+(AQ17*$AL$11)=0,"",AQ17+(AQ17*$AL$11)),"") | J17: =IFERROR(IF(AR17+(AR17*$AL$11)=0,"",AR17+(AR17*$AL$11)),"") | ... O17: =IFERROR(IF(AW17+(AW17*$AL$11)=0,"",AW17+(AW17*$AL$11)),"") | Q17: 225 | R17: 15.66 | S17: 37.04 | V17: 1 | W17: =_xlfn.CONCAT("1 Kleine waterset (",Y17," man)") | X17: 175.2 | Y17: 5 | Z17: =SUM((Y17*$Y$1)+X17) | AC17: =AA17+AB17 | AD17: 10 | AE17: =SUM((IF(AD17>8,(SUM(AB17+AA17)*8),(SUM(AB17+AA17)*AD17)))+(Z17*AD17)) | AJ17: 225 | AK17: 53.8384 | AL17: 69.2832 | AM17: 81.5248 | AN17: 89.9584
B18: 230 | C18: =IFERROR(IF(AK18+(AK18*$AL$11)=0,"",AK18+(AK18*$AL$11)),"") | D18: =IFERROR(IF(AL18+(AL18*$AL$11)=0,"",AL18+(AL18*$AL$11)),"") | E18: =IFERROR(IF(AM18+(AM18*$AL$11)=0,"",AM18+(AM18*$AL$11)),"") | F18: =IFERROR(IF(AN18+(AN18*$AL$11)=0,"",AN18+(AN18*$AL$11)),"") | G18: =IFERROR(IF(AO18+(AO18*$AL$11)=0,"",AO18+(AO18*$AL$11)),"") | H18: =IFERROR(IF(AP18+(AP18*$AL$11)=0,"",AP18+(AP18*$AL$11)),"") | I18: =IFERROR(IF(AQ18+(AQ18*$AL$11)=0,"",AQ18+(AQ18*$AL$11)),"") | J18: =IFERROR(IF(AR18+(AR18*$AL$11)=0,"",AR18+(AR18*$AL$11)),"") | ... O18: =IFERROR(IF(AW18+(AW18*$AL$11)=0,"",AW18+(AW18*$AL$11)),"") | Q18: 230 | R18: 15.66 | S18: 37.04 | V18: 1 | W18: =_xlfn.CONCAT("1 Grote waterset (",Y18," man)") | X18: 211.65 | Y18: 4 | Z18: =SUM((Y18*$Y$1)+X18) | AC18: =AA18+AB18 | AD18: 10 | AE18: =SUM((IF(AD18>8,(SUM(AB18+AA18)*8),(SUM(AB18+AA18)*AD18)))+(Z18*AD18)) | AJ18: 230
B19: 250 | C19: =IFERROR(IF(AK19+(AK19*$AL$11)=0,"",AK19+(AK19*$AL$11)),"") | D19: =IFERROR(IF(AL19+(AL19*$AL$11)=0,"",AL19+(AL19*$AL$11)),"") | E19: =IFERROR(IF(AM19+(AM19*$AL$11)=0,"",AM19+(AM19*$AL$11)),"") | F19: =IFERROR(IF(AN19+(AN19*$AL$11)=0,"",AN19+(AN19*$AL$11)),"") | G19: =IFERROR(IF(AO19+(AO19*$AL$11)=0,"",AO19+(AO19*$AL$11)),"") | H19: =IFERROR(IF(AP19+(AP19*$AL$11)=0,"",AP19+(AP19*$AL$11)),"") | I19: =IFERROR(IF(AQ19+(AQ19*$AL$11)=0,"",AQ19+(AQ19*$AL$11)),"") | J19: =IFERROR(IF(AR19+(AR19*$AL$11)=0,"",AR19+(AR19*$AL$11)),"") | ... O19: =IFERROR(IF(AW19+(AW19*$AL$11)=0,"",AW19+(AW19*$AL$11)),"") | Q19: 250 | R19: 16.76 | S19: 39.48 | V19: 1 | W19: =_xlfn.CONCAT("1 Grote waterset (",Y19," man)") | X19: 211.65 | Y19: 5 | Z19: =SUM((Y19*$Y$1)+X19) | AC19: =AA19+AB19 | AD19: 10 | AE19: =SUM((IF(AD19>8,(SUM(AB19+AA19)*8),(SUM(AB19+AA19)*AD19)))+(Z19*AD19)) | AJ19: 250 | AK19: 58.2512 | AL19: 75.5328 | AM19: 88.6144 | AN19: 98.0448
B20: 200/300 | C20: =IFERROR(IF(AK20+(AK20*$AL$11)=0,"",AK20+(AK20*$AL$11)),"") | D20: =IFERROR(IF(AL20+(AL20*$AL$11)=0,"",AL20+(AL20*$AL$11)),"") | E20: =IFERROR(IF(AM20+(AM20*$AL$11)=0,"",AM20+(AM20*$AL$11)),"") | F20: =IFERROR(IF(AN20+(AN20*$AL$11)=0,"",AN20+(AN20*$AL$11)),"") | V20: 1 | W20: =_xlfn.CONCAT("1 Kleine stoomset (",Y20," man)") | X20: 134.55 | Y20: 4 | Z20: =SUM((Y20*$Y$2)+X20) | AC20: =AA20+AB20 | AD20: 10 | AE20: =SUM((IF(AD20>8,(SUM(AB20+AA20)*8),(SUM(AB20+AA20)*AD20)))+(Z20*AD20)) | AJ20: 200/300 | AK20: 69.1488 | AL20: 80.1136 | AM20: 88.6144 | AN20: 98.0448
B21: 252 | C21: =IFERROR(IF(AK21+(AK21*$AL$11)=0,"",AK21+(AK21*$AL$11)),"") | D21: =IFERROR(IF(AL21+(AL21*$AL$11)=0,"",AL21+(AL21*$AL$11)),"") | E21: =IFERROR(IF(AM21+(AM21*$AL$11)=0,"",AM21+(AM21*$AL$11)),"") | F21: =IFERROR(IF(AN21+(AN21*$AL$11)=0,"",AN21+(AN21*$AL$11)),"") | V21: 1 | W21: =_xlfn.CONCAT("1 Kleine stoomset (",Y21," man)") | X21: 134.55 | Y21: 5 | Z21: =SUM((Y21*$Y$2)+X21) | AC21: =AA21+AB21 | AD21: 10 | AE21: =SUM((IF(AD21>8,(SUM(AB21+AA21)*8),(SUM(AB21+AA21)*AD21)))+(Z21*AD21)) | AJ21: 252 | AK21: 69.1488 | AL21: 80.1136 | AM21: 88.6144 | AN21: 98.0448
B22: 300 | C22: =IFERROR(IF(AK22+(AK22*$AL$11)=0,"",AK22+(AK22*$AL$11)),"") | D22: =IFERROR(IF(AL22+(AL22*$AL$11)=0,"",AL22+(AL22*$AL$11)),"") | E22: =IFERROR(IF(AM22+(AM22*$AL$11)=0,"",AM22+(AM22*$AL$11)),"") | F22: =IFERROR(IF(AN22+(AN22*$AL$11)=0,"",AN22+(AN22*$AL$11)),"") | G22: =IFERROR(IF(AO22+(AO22*$AL$11)=0,"",AO22+(AO22*$AL$11)),"") | H22: =IFERROR(IF(AP22+(AP22*$AL$11)=0,"",AP22+(AP22*$AL$11)),"") | I22: =IFERROR(IF(AQ22+(AQ22*$AL$11)=0,"",AQ22+(AQ22*$AL$11)),"") | J22: =IFERROR(IF(AR22+(AR22*$AL$11)=0,"",AR22+(AR22*$AL$11)),"") | ... O22: =IFERROR(IF(AW22+(AW22*$AL$11)=0,"",AW22+(AW22*$AL$11)),"") | Q22: 300 | R22: 18.2 | S22: 40.5 | V22: 1 | W22: =_xlfn.CONCAT("1 Grote stoomset (",Y22," man)") | X22: 227.5 | Y22: 5 | Z22: =SUM((Y22*$Y$1)+X22) | AC22: =AA22+AB22 | AD22: 10 | AE22: =SUM((IF(AD22>8,(SUM(AB22+AA22)*8),(SUM(AB22+AA22)*AD22)))+(Z22*AD22)) | AJ22: 300 | AK22: 67.0208 | AL22: 88.0208 | AM22: 102.7936 | AN22: 114.2064
B23: 250/375 | C23: =IFERROR(IF(AK23+(AK23*$AL$11)=0,"",AK23+(AK23*$AL$11)),"") | D23: =IFERROR(IF(AL23+(AL23*$AL$11)=0,"",AL23+(AL23*$AL$11)),"") | E23: =IFERROR(IF(AM23+(AM23*$AL$11)=0,"",AM23+(AM23*$AL$11)),"") | F23: =IFERROR(IF(AN23+(AN23*$AL$11)=0,"",AN23+(AN23*$AL$11)),"") | G23: =IFERROR(IF(AO23+(AO23*$AL$11)=0,"",AO23+(AO23*$AL$11)),"") | H23: =IFERROR(IF(AP23+(AP23*$AL$11)=0,"",AP23+(AP23*$AL$11)),"") | I23: =IFERROR(IF(AQ23+(AQ23*$AL$11)=0,"",AQ23+(AQ23*$AL$11)),"") | J23: =IFERROR(IF(AR23+(AR23*$AL$11)=0,"",AR23+(AR23*$AL$11)),"") | ... O23: =IFERROR(IF(AW23+(AW23*$AL$11)=0,"",AW23+(AW23*$AL$11)),"") | Q23: 250/375 | S23: 41.46 | V23: 4 | W23: =_xlfn.CONCAT("1 Freesunit (",Y23," man)") | X23: 85 | Y23: 2 | Z23: =SUM((Y23*$Y$1)+X23) | AC23: =AA23+AB23 | AD23: 10 | AE23: =SUM((IF(AD23>8,(SUM(AB23+AA23)*8),(SUM(AB23+AA23)*AD23)))+(Z23*AD23)) | AJ23: 250/375 | AK23: 83.664 | AL23: 97.0928 | AM23: 106.904 | AN23: 118.7648
B24: 315 | C24: =IFERROR(IF(AK24+(AK24*$AL$11)=0,"",AK24+(AK24*$AL$11)),"") | D24: =IFERROR(IF(AL24+(AL24*$AL$11)=0,"",AL24+(AL24*$AL$11)),"") | E24: =IFERROR(IF(AM24+(AM24*$AL$11)=0,"",AM24+(AM24*$AL$11)),"") | F24: =IFERROR(IF(AN24+(AN24*$AL$11)=0,"",AN24+(AN24*$AL$11)),"") | G24: =IFERROR(IF(AO24+(AO24*$AL$11)=0,"",AO24+(AO24*$AL$11)),"") | H24: =IFERROR(IF(AP24+(AP24*$AL$11)=0,"",AP24+(AP24*$AL$11)),"") | I24: =IFERROR(IF(AQ24+(AQ24*$AL$11)=0,"",AQ24+(AQ24*$AL$11)),"") | J24: =IFERROR(IF(AR24+(AR24*$AL$11)=0,"",AR24+(AR24*$AL$11)),"") | ... O24: =IFERROR(IF(AW24+(AW24*$AL$11)=0,"",AW24+(AW24*$AL$11)),"") | Q24: 317 | R24: 18.5 | S24: 41.46 | V24: 3 | W24: 1 Combi (eigen) | X24: 60 | Y24: 1 | Z24: =SUM((Y24*$Y$1)+X24) | AC24: =AA24+AB24 | AD24: 10 | AE24: =SUM((IF(AD24>8,(SUM(AB24+AA24)*8),(SUM(AB24+AA24)*AD24)))+(Z24*AD24)) | AJ24: 315 | AK24: 83.664 | AL24: 97.0928 | AM24: 106.904 | AN24: 118.7648
B25: 350 | C25: =IFERROR(IF(AK25+(AK25*$AL$11)=0,"",AK25+(AK25*$AL$11)),"") | D25: =IFERROR(IF(AL25+(AL25*$AL$11)=0,"",AL25+(AL25*$AL$11)),"") | E25: =IFERROR(IF(AM25+(AM25*$AL$11)=0,"",AM25+(AM25*$AL$11)),"") | F25: =IFERROR(IF(AN25+(AN25*$AL$11)=0,"",AN25+(AN25*$AL$11)),"") | G25: =IFERROR(IF(AO25+(AO25*$AL$11)=0,"",AO25+(AO25*$AL$11)),"") | H25: =IFERROR(IF(AP25+(AP25*$AL$11)=0,"",AP25+(AP25*$AL$11)),"") | I25: =IFERROR(IF(AQ25+(AQ25*$AL$11)=0,"",AQ25+(AQ25*$AL$11)),"") | J25: =IFERROR(IF(AR25+(AR25*$AL$11)=0,"",AR25+(AR25*$AL$11)),"") | ... O25: =IFERROR(IF(AW25+(AW25*$AL$11)=0,"",AW25+(AW25*$AL$11)),"") | Q25: 350 | R25: 20.48 | S25: 41.46 | V25: 5 | W25: 1 Inspectie (eigen) | X25: 55 | Y25: 1 | Z25: =SUM((Y25*$Y$1)+X25) | AC25: =AA25+AB25 | AD25: 10 | AE25: =SUM((IF(AD25>8,(SUM(AB25+AA25)*8),(SUM(AB25+AA25)*AD25)))+(Z25*AD25)) | AJ25: 350 | AK25: 75.5888 | AL25: 100.5312 | AM25: 116.9728 | AN25: 130.368
B26: 300/450 | C26: =IFERROR(IF(AK26+(AK26*$AL$11)=0,"",AK26+(AK26*$AL$11)),"") | D26: =IFERROR(IF(AL26+(AL26*$AL$11)=0,"",AL26+(AL26*$AL$11)),"") | E26: =IFERROR(IF(AM26+(AM26*$AL$11)=0,"",AM26+(AM26*$AL$11)),"") | F26: =IFERROR(IF(AN26+(AN26*$AL$11)=0,"",AN26+(AN26*$AL$11)),"") | G26: =IFERROR(IF(AO26+(AO26*$AL$11)=0,"",AO26+(AO26*$AL$11)),"") | H26: =IFERROR(IF(AP26+(AP26*$AL$11)=0,"",AP26+(AP26*$AL$11)),"") | I26: =IFERROR(IF(AQ26+(AQ26*$AL$11)=0,"",AQ26+(AQ26*$AL$11)),"") | J26: =IFERROR(IF(AR26+(AR26*$AL$11)=0,"",AR26+(AR26*$AL$11)),"") | ... O26: =IFERROR(IF(AW26+(AW26*$AL$11)=0,"",AW26+(AW26*$AL$11)),"") | Q26: 300/450 | R26: 22.73 | S26: 43.61 | V26: 2 | W26: =_xlfn.CONCAT("1 UV-set (excl. combi) (",Y26," man)") | X26: 244 | Y26: 4 | Z26: =SUM((Y26*$Y$1)+X26) | AC26: =AA26+AB26 | AD26: 10 | AE26: =SUM((IF(AD26>8,(SUM(AB26+AA26)*8),(SUM(AB26+AA26)*AD26)))+(Z26*AD26)) | AJ26: 300/450 | AK26: 97.1152 | AL26: 113.2432 | AM26: 124.0624 | AN26: 138.4544
B27: 378 | C27: =IFERROR(IF(AK27+(AK27*$AL$11)=0,"",AK27+(AK27*$AL$11)),"") | D27: =IFERROR(IF(AL27+(AL27*$AL$11)=0,"",AL27+(AL27*$AL$11)),"") | E27: =IFERROR(IF(AM27+(AM27*$AL$11)=0,"",AM27+(AM27*$AL$11)),"") | F27: =IFERROR(IF(AN27+(AN27*$AL$11)=0,"",AN27+(AN27*$AL$11)),"") | G27: =IFERROR(IF(AO27+(AO27*$AL$11)=0,"",AO27+(AO27*$AL$11)),"") | H27: =IFERROR(IF(AP27+(AP27*$AL$11)=0,"",AP27+(AP27*$AL$11)),"") | I27: =IFERROR(IF(AQ27+(AQ27*$AL$11)=0,"",AQ27+(AQ27*$AL$11)),"") | J27: =IFERROR(IF(AR27+(AR27*$AL$11)=0,"",AR27+(AR27*$AL$11)),"") | ... O27: =IFERROR(IF(AW27+(AW27*$AL$11)=0,"",AW27+(AW27*$AL$11)),"") | Q27: 378 | R27: 22.73 | S27: 43.61 | V27: 2 | W27: =_xlfn.CONCAT("1 UV-set (excl. combi) (",Y27," man)") | X27: 244 | Y27: 5 | Z27: =SUM((Y27*$Y$1)+X27) | AC27: =AA27+AB27 | AD27: 10 | AE27: =SUM((IF(AD27>8,(SUM(AB27+AA27)*8),(SUM(AB27+AA27)*AD27)))+(Z27*AD27)) | AJ27: 378 | AK27: 97.1152 | AL27: 113.2432 | AM27: 124.0624 | AN27: 138.4544
B28: 400 | C28: =IFERROR(IF(AK28+(AK28*$AL$11)=0,"",AK28+(AK28*$AL$11)),"") | D28: =IFERROR(IF(AL28+(AL28*$AL$11)=0,"",AL28+(AL28*$AL$11)),"") | E28: =IFERROR(IF(AM28+(AM28*$AL$11)=0,"",AM28+(AM28*$AL$11)),"") | F28: =IFERROR(IF(AN28+(AN28*$AL$11)=0,"",AN28+(AN28*$AL$11)),"") | G28: =IFERROR(IF(AO28+(AO28*$AL$11)=0,"",AO28+(AO28*$AL$11)),"") | H28: =IFERROR(IF(AP28+(AP28*$AL$11)=0,"",AP28+(AP28*$AL$11)),"") | I28: =IFERROR(IF(AQ28+(AQ28*$AL$11)=0,"",AQ28+(AQ28*$AL$11)),"") | J28: =IFERROR(IF(AR28+(AR28*$AL$11)=0,"",AR28+(AR28*$AL$11)),"") | ... O28: =IFERROR(IF(AW28+(AW28*$AL$11)=0,"",AW28+(AW28*$AL$11)),"") | Q28: 400 | R28: 22.73 | S28: 43.61 | AJ28: 400 | AK28: 84.224 | AL28: 113.0304 | AM28: 131.152 | AN28: 146.5296 | AO28: 166.5552
B29: 350/525 | C29: =IFERROR(IF(AK29+(AK29*$AL$11)=0,"",AK29+(AK29*$AL$11)),"") | D29: =IFERROR(IF(AL29+(AL29*$AL$11)=0,"",AL29+(AL29*$AL$11)),"") | E29: =IFERROR(IF(AM29+(AM29*$AL$11)=0,"",AM29+(AM29*$AL$11)),"") | F29: =IFERROR(IF(AN29+(AN29*$AL$11)=0,"",AN29+(AN29*$AL$11)),"") | G29: =IFERROR(IF(AO29+(AO29*$AL$11)=0,"",AO29+(AO29*$AL$11)),"") | H29: =IFERROR(IF(AP29+(AP29*$AL$11)=0,"",AP29+(AP29*$AL$11)),"") | I29: =IFERROR(IF(AQ29+(AQ29*$AL$11)=0,"",AQ29+(AQ29*$AL$11)),"") | J29: =IFERROR(IF(AR29+(AR29*$AL$11)=0,"",AR29+(AR29*$AL$11)),"") | ... O29: =IFERROR(IF(AW29+(AW29*$AL$11)=0,"",AW29+(AW29*$AL$11)),"") | Q29: 350/525 | R29: 24.83 | S29: 45.83 | W29: UV set | AJ29: 350/525 | AL29: 128.7776 | AM29: 139.3168 | AN29: 159.0736 | AO29: 180.88
B30: 442 | C30: =IFERROR(IF(AK30+(AK30*$AL$11)=0,"",AK30+(AK30*$AL$11)),"") | D30: =IFERROR(IF(AL30+(AL30*$AL$11)=0,"",AL30+(AL30*$AL$11)),"") | E30: =IFERROR(IF(AM30+(AM30*$AL$11)=0,"",AM30+(AM30*$AL$11)),"") | F30: =IFERROR(IF(AN30+(AN30*$AL$11)=0,"",AN30+(AN30*$AL$11)),"") | G30: =IFERROR(IF(AO30+(AO30*$AL$11)=0,"",AO30+(AO30*$AL$11)),"") | H30: =IFERROR(IF(AP30+(AP30*$AL$11)=0,"",AP30+(AP30*$AL$11)),"") | I30: =IFERROR(IF(AQ30+(AQ30*$AL$11)=0,"",AQ30+(AQ30*$AL$11)),"") | J30: =IFERROR(IF(AR30+(AR30*$AL$11)=0,"",AR30+(AR30*$AL$11)),"") | ... O30: =IFERROR(IF(AW30+(AW30*$AL$11)=0,"",AW30+(AW30*$AL$11)),"") | Q30: 441 | R30: 24.83 | S30: 45.83 | W30: Lier | X30: 15 | AJ30: 442 | AL30: 128.7776 | AM30: 139.3168 | AN30: 159.0736 | AO30: 180.88
B31: 450 | C31: =IFERROR(IF(AK31+(AK31*$AL$11)=0,"",AK31+(AK31*$AL$11)),"") | D31: =IFERROR(IF(AL31+(AL31*$AL$11)=0,"",AL31+(AL31*$AL$11)),"") | E31: =IFERROR(IF(AM31+(AM31*$AL$11)=0,"",AM31+(AM31*$AL$11)),"") | F31: =IFERROR(IF(AN31+(AN31*$AL$11)=0,"",AN31+(AN31*$AL$11)),"") | G31: =IFERROR(IF(AO31+(AO31*$AL$11)=0,"",AO31+(AO31*$AL$11)),"") | H31: =IFERROR(IF(AP31+(AP31*$AL$11)=0,"",AP31+(AP31*$AL$11)),"") | I31: =IFERROR(IF(AQ31+(AQ31*$AL$11)=0,"",AQ31+(AQ31*$AL$11)),"") | J31: =IFERROR(IF(AR31+(AR31*$AL$11)=0,"",AR31+(AR31*$AL$11)),"") | ... O31: =IFERROR(IF(AW31+(AW31*$AL$11)=0,"",AW31+(AW31*$AL$11)),"") | Q31: 450 | R31: 24.83 | S31: 45.83 | W31: Bus | X31: 14 | AJ31: 450 | AK31: 114.9344 | AL31: 131.1184 | AM31: 141.848 | AN31: 161.952 | AO31: 184.1504
B32: 500 | C32: =IFERROR(IF(AK32+(AK32*$AL$11)=0,"",AK32+(AK32*$AL$11)),"") | D32: =IFERROR(IF(AL32+(AL32*$AL$11)=0,"",AL32+(AL32*$AL$11)),"") | E32: =IFERROR(IF(AM32+(AM32*$AL$11)=0,"",AM32+(AM32*$AL$11)),"") | F32: =IFERROR(IF(AN32+(AN32*$AL$11)=0,"",AN32+(AN32*$AL$11)),"") | G32: =IFERROR(IF(AO32+(AO32*$AL$11)=0,"",AO32+(AO32*$AL$11)),"") | H32: =IFERROR(IF(AP32+(AP32*$AL$11)=0,"",AP32+(AP32*$AL$11)),"") | I32: =IFERROR(IF(AQ32+(AQ32*$AL$11)=0,"",AQ32+(AQ32*$AL$11)),"") | J32: =IFERROR(IF(AR32+(AR32*$AL$11)=0,"",AR32+(AR32*$AL$11)),"") | ... O32: =IFERROR(IF(AW32+(AW32*$AL$11)=0,"",AW32+(AW32*$AL$11)),"") | Q32: 500 | R32: 27 | S32: 48.05 | W32: UV | X32: 130 | AJ32: 500 | AK32: 127.6352 | AL32: 142.8896 | AM32: 153.1376 | AN32: 178.0464 | AO32: 202.496 | AP32: 231.1792
B33: 400/600 | C33: =IFERROR(IF(AK33+(AK33*$AL$11)=0,"",AK33+(AK33*$AL$11)),"") | D33: =IFERROR(IF(AL33+(AL33*$AL$11)=0,"",AL33+(AL33*$AL$11)),"") | E33: =IFERROR(IF(AM33+(AM33*$AL$11)=0,"",AM33+(AM33*$AL$11)),"") | F33: =IFERROR(IF(AN33+(AN33*$AL$11)=0,"",AN33+(AN33*$AL$11)),"") | G33: =IFERROR(IF(AO33+(AO33*$AL$11)=0,"",AO33+(AO33*$AL$11)),"") | H33: =IFERROR(IF(AP33+(AP33*$AL$11)=0,"",AP33+(AP33*$AL$11)),"") | I33: =IFERROR(IF(AQ33+(AQ33*$AL$11)=0,"",AQ33+(AQ33*$AL$11)),"") | J33: =IFERROR(IF(AR33+(AR33*$AL$11)=0,"",AR33+(AR33*$AL$11)),"") | ... O33: =IFERROR(IF(AW33+(AW33*$AL$11)=0,"",AW33+(AW33*$AL$11)),"") | Q33: 400/600 | R33: 27 | S33: 48.05 | W33: kraan | X33: 85 | AJ33: 400/600 | AL33: 144.3344 | AM33: 154.6608 | AN33: 179.8272 | AO33: 204.5232
B34: 505 | C34: =IFERROR(IF(AK34+(AK34*$AL$11)=0,"",AK34+(AK34*$AL$11)),"") | D34: =IFERROR(IF(AL34+(AL34*$AL$11)=0,"",AL34+(AL34*$AL$11)),"") | E34: =IFERROR(IF(AM34+(AM34*$AL$11)=0,"",AM34+(AM34*$AL$11)),"") | F34: =IFERROR(IF(AN34+(AN34*$AL$11)=0,"",AN34+(AN34*$AL$11)),"") | G34: =IFERROR(IF(AO34+(AO34*$AL$11)=0,"",AO34+(AO34*$AL$11)),"") | H34: =IFERROR(IF(AP34+(AP34*$AL$11)=0,"",AP34+(AP34*$AL$11)),"") | I34: =IFERROR(IF(AQ34+(AQ34*$AL$11)=0,"",AQ34+(AQ34*$AL$11)),"") | J34: =IFERROR(IF(AR34+(AR34*$AL$11)=0,"",AR34+(AR34*$AL$11)),"") | ... O34: =IFERROR(IF(AW34+(AW34*$AL$11)=0,"",AW34+(AW34*$AL$11)),"") | Q34: 505 | R34: 27 | S34: 48.05 | X34: =SUM(X30:X33) | AJ34: 505 | AL34: 144.3344 | AM34: 154.6608 | AN34: 179.8272 | AO34: 204.5232
B35: 550 | C35: =IFERROR(IF(AK35+(AK35*$AL$11)=0,"",AK35+(AK35*$AL$11)),"") | D35: =IFERROR(IF(AL35+(AL35*$AL$11)=0,"",AL35+(AL35*$AL$11)),"") | E35: =IFERROR(IF(AM35+(AM35*$AL$11)=0,"",AM35+(AM35*$AL$11)),"") | F35: =IFERROR(IF(AN35+(AN35*$AL$11)=0,"",AN35+(AN35*$AL$11)),"") | G35: =IFERROR(IF(AO35+(AO35*$AL$11)=0,"",AO35+(AO35*$AL$11)),"") | H35: =IFERROR(IF(AP35+(AP35*$AL$11)=0,"",AP35+(AP35*$AL$11)),"") | I35: =IFERROR(IF(AQ35+(AQ35*$AL$11)=0,"",AQ35+(AQ35*$AL$11)),"") | J35: =IFERROR(IF(AR35+(AR35*$AL$11)=0,"",AR35+(AR35*$AL$11)),"") | ... O35: =IFERROR(IF(AW35+(AW35*$AL$11)=0,"",AW35+(AW35*$AL$11)),"") | Q35: 550 | R35: 29.1 | S35: 49.73 | AJ35: 550 | AK35: 140.336 | AL35: 157.5056 | AM35: 170.072 | AN35: 194.1296 | AO35: 220.8416 | AP35: 251.6528
B36: 600 | C36: =IFERROR(IF(AK36+(AK36*$AL$11)=0,"",AK36+(AK36*$AL$11)),"") | D36: =IFERROR(IF(AL36+(AL36*$AL$11)=0,"",AL36+(AL36*$AL$11)),"") | E36: =IFERROR(IF(AM36+(AM36*$AL$11)=0,"",AM36+(AM36*$AL$11)),"") | F36: =IFERROR(IF(AN36+(AN36*$AL$11)=0,"",AN36+(AN36*$AL$11)),"") | G36: =IFERROR(IF(AO36+(AO36*$AL$11)=0,"",AO36+(AO36*$AL$11)),"") | H36: =IFERROR(IF(AP36+(AP36*$AL$11)=0,"",AP36+(AP36*$AL$11)),"") | I36: =IFERROR(IF(AQ36+(AQ36*$AL$11)=0,"",AQ36+(AQ36*$AL$11)),"") | J36: =IFERROR(IF(AR36+(AR36*$AL$11)=0,"",AR36+(AR36*$AL$11)),"") | ... L36: =IFERROR(IF(AT36+(AT36*$AL$11)=0,"",AT36+(AT36*$AL$11)),"") | N36: =IFERROR(IF(AV36+(AV36*$AL$11)=0,"",AV36+(AV36*$AL$11)),"") | O36: =IFERROR(IF(AW36+(AW36*$AL$11)=0,"",AW36+(AW36*$AL$11)),"") | Q36: 600 | R36: 31.28 | S36: 62.12 | W36: WATER set | AJ36: 600 | AK36: 153.0368 | AL36: 172.1104 | AM36: 187.0064 | AN36: 210.224 | AO36: 239.1872 | AP36: 272.104
B37: 500/750 | C37: =IFERROR(IF(AK37+(AK37*$AL$11)=0,"",AK37+(AK37*$AL$11)),"") | D37: =IFERROR(IF(AL37+(AL37*$AL$11)=0,"",AL37+(AL37*$AL$11)),"") | E37: =IFERROR(IF(AM37+(AM37*$AL$11)=0,"",AM37+(AM37*$AL$11)),"") | F37: =IFERROR(IF(AN37+(AN37*$AL$11)=0,"",AN37+(AN37*$AL$11)),"") | G37: =IFERROR(IF(AO37+(AO37*$AL$11)=0,"",AO37+(AO37*$AL$11)),"") | H37: =IFERROR(IF(AP37+(AP37*$AL$11)=0,"",AP37+(AP37*$AL$11)),"") | I37: =IFERROR(IF(AQ37+(AQ37*$AL$11)=0,"",AQ37+(AQ37*$AL$11)),"") | J37: =IFERROR(IF(AR37+(AR37*$AL$11)=0,"",AR37+(AR37*$AL$11)),"") | ... L37: =IFERROR(IF(AT37+(AT37*$AL$11)=0,"",AT37+(AT37*$AL$11)),"") | N37: =IFERROR(IF(AV37+(AV37*$AL$11)=0,"",AV37+(AV37*$AL$11)),"") | O37: =IFERROR(IF(AW37+(AW37*$AL$11)=0,"",AW37+(AW37*$AL$11)),"") | Q37: 500/750 | R37: 32.33 | S37: 63.27 | W37: Mulit + kous | X37: 45 | AJ37: 500/750 | AM37: 192.0352 | AN37: 216.0928 | AO37: 245.9072 | AP37: 279.3616 | AQ37: 305.1664
B38: 631 | C38: =IFERROR(IF(AK38+(AK38*$AL$11)=0,"",AK38+(AK38*$AL$11)),"") | D38: =IFERROR(IF(AL38+(AL38*$AL$11)=0,"",AL38+(AL38*$AL$11)),"") | E38: =IFERROR(IF(AM38+(AM38*$AL$11)=0,"",AM38+(AM38*$AL$11)),"") | F38: =IFERROR(IF(AN38+(AN38*$AL$11)=0,"",AN38+(AN38*$AL$11)),"") | G38: =IFERROR(IF(AO38+(AO38*$AL$11)=0,"",AO38+(AO38*$AL$11)),"") | H38: =IFERROR(IF(AP38+(AP38*$AL$11)=0,"",AP38+(AP38*$AL$11)),"") | I38: =IFERROR(IF(AQ38+(AQ38*$AL$11)=0,"",AQ38+(AQ38*$AL$11)),"") | J38: =IFERROR(IF(AR38+(AR38*$AL$11)=0,"",AR38+(AR38*$AL$11)),"") | ... O38: =IFERROR(IF(AW38+(AW38*$AL$11)=0,"",AW38+(AW38*$AL$11)),"") | Q38: 631 | R38: 32.33 | S38: 63.27 | W38: Voorwagen | X38: 25.3 | AJ38: 631 | AM38: 192.0352 | AN38: 216.0928 | AO38: 245.9072 | AP38: 279.3616 | AQ38: 305.1664
B39: 650 | C39: =IFERROR(IF(AK39+(AK39*$AL$11)=0,"",AK39+(AK39*$AL$11)),"") | D39: =IFERROR(IF(AL39+(AL39*$AL$11)=0,"",AL39+(AL39*$AL$11)),"") | E39: =IFERROR(IF(AM39+(AM39*$AL$11)=0,"",AM39+(AM39*$AL$11)),"") | F39: =IFERROR(IF(AN39+(AN39*$AL$11)=0,"",AN39+(AN39*$AL$11)),"") | G39: =IFERROR(IF(AO39+(AO39*$AL$11)=0,"",AO39+(AO39*$AL$11)),"") | H39: =IFERROR(IF(AP39+(AP39*$AL$11)=0,"",AP39+(AP39*$AL$11)),"") | I39: =IFERROR(IF(AQ39+(AQ39*$AL$11)=0,"",AQ39+(AQ39*$AL$11)),"") | J39: =IFERROR(IF(AR39+(AR39*$AL$11)=0,"",AR39+(AR39*$AL$11)),"") | ... O39: =IFERROR(IF(AW39+(AW39*$AL$11)=0,"",AW39+(AW39*$AL$11)),"") | Q39: 650 | R39: 33.3 | S39: 64.41 | AJ39: 650 | AK39: 163.0272 | AL39: 182.28 | AM39: 197.8256 | AN39: 222.6 | AO39: 253.3104 | AP39: 287.784 | AQ39: 314.3504
B40: 700 | C40: =IFERROR(IF(AK40+(AK40*$AL$11)=0,"",AK40+(AK40*$AL$11)),"") | D40: =IFERROR(IF(AL40+(AL40*$AL$11)=0,"",AL40+(AL40*$AL$11)),"") | E40: =IFERROR(IF(AM40+(AM40*$AL$11)=0,"",AM40+(AM40*$AL$11)),"") | F40: =IFERROR(IF(AN40+(AN40*$AL$11)=0,"",AN40+(AN40*$AL$11)),"") | G40: =IFERROR(IF(AO40+(AO40*$AL$11)=0,"",AO40+(AO40*$AL$11)),"") | H40: =IFERROR(IF(AP40+(AP40*$AL$11)=0,"",AP40+(AP40*$AL$11)),"") | I40: =IFERROR(IF(AQ40+(AQ40*$AL$11)=0,"",AQ40+(AQ40*$AL$11)),"") | J40: =IFERROR(IF(AR40+(AR40*$AL$11)=0,"",AR40+(AR40*$AL$11)),"") | ... O40: =IFERROR(IF(AW40+(AW40*$AL$11)=0,"",AW40+(AW40*$AL$11)),"") | Q40: 700 | R40: 35.48 | S40: 66.26 | W40: Hanger | X40: 24 | AJ40: 700 | AL40: 195.2496 | AM40: 211.7024 | AN40: 238.4256 | AO40: 271.3648 | AP40: 307.8992 | AQ40: 337.2656
B41: 750 | C41: =IFERROR(IF(AK41+(AK41*$AL$11)=0,"",AK41+(AK41*$AL$11)),"") | D41: =IFERROR(IF(AL41+(AL41*$AL$11)=0,"",AL41+(AL41*$AL$11)),"") | E41: =IFERROR(IF(AM41+(AM41*$AL$11)=0,"",AM41+(AM41*$AL$11)),"") | F41: =IFERROR(IF(AN41+(AN41*$AL$11)=0,"",AN41+(AN41*$AL$11)),"") | G41: =IFERROR(IF(AO41+(AO41*$AL$11)=0,"",AO41+(AO41*$AL$11)),"") | H41: =IFERROR(IF(AP41+(AP41*$AL$11)=0,"",AP41+(AP41*$AL$11)),"") | I41: =IFERROR(IF(AQ41+(AQ41*$AL$11)=0,"",AQ41+(AQ41*$AL$11)),"") | J41: =IFERROR(IF(AR41+(AR41*$AL$11)=0,"",AR41+(AR41*$AL$11)),"") | ... O41: =IFERROR(IF(AW41+(AW41*$AL$11)=0,"",AW41+(AW41*$AL$11)),"") | W41: Bus | X41: 14 | AJ41: 750 | AL41: 208.2304 | AM41: 225.5904 | AN41: 254.2512 | AO41: 289.408 | AP41: 328.0368 | AQ41: 360.1696
B42: 600/900 | C42: =IFERROR(IF(AK42+(AK42*$AL$11)=0,"",AK42+(AK42*$AL$11)),"") | D42: =IFERROR(IF(AL42+(AL42*$AL$11)=0,"",AL42+(AL42*$AL$11)),"") | E42: =IFERROR(IF(AM42+(AM42*$AL$11)=0,"",AM42+(AM42*$AL$11)),"") | F42: =IFERROR(IF(AN42+(AN42*$AL$11)=0,"",AN42+(AN42*$AL$11)),"") | G42: =IFERROR(IF(AO42+(AO42*$AL$11)=0,"",AO42+(AO42*$AL$11)),"") | H42: =IFERROR(IF(AP42+(AP42*$AL$11)=0,"",AP42+(AP42*$AL$11)),"") | I42: =IFERROR(IF(AQ42+(AQ42*$AL$11)=0,"",AQ42+(AQ42*$AL$11)),"") | J42: =IFERROR(IF(AR42+(AR42*$AL$11)=0,"",AR42+(AR42*$AL$11)),"") | ... O42: =IFERROR(IF(AW42+(AW42*$AL$11)=0,"",AW42+(AW42*$AL$11)),"") | Q42: 600/900 | R42: 37.5 | S42: 68.78 | W42: Brandstof | AJ42: 600/900 | AN42: 256.9616 | AO42: 292.4992 | AP42: 331.5312 | AQ42: 364.0112
B43: 758 | C43: =IFERROR(IF(AK43+(AK43*$AL$11)=0,"",AK43+(AK43*$AL$11)),"") | D43: =IFERROR(IF(AL43+(AL43*$AL$11)=0,"",AL43+(AL43*$AL$11)),"") | E43: =IFERROR(IF(AM43+(AM43*$AL$11)=0,"",AM43+(AM43*$AL$11)),"") | F43: =IFERROR(IF(AN43+(AN43*$AL$11)=0,"",AN43+(AN43*$AL$11)),"") | G43: =IFERROR(IF(AO43+(AO43*$AL$11)=0,"",AO43+(AO43*$AL$11)),"") | H43: =IFERROR(IF(AP43+(AP43*$AL$11)=0,"",AP43+(AP43*$AL$11)),"") | I43: =IFERROR(IF(AQ43+(AQ43*$AL$11)=0,"",AQ43+(AQ43*$AL$11)),"") | J43: =IFERROR(IF(AR43+(AR43*$AL$11)=0,"",AR43+(AR43*$AL$11)),"") | ... O43: =IFERROR(IF(AW43+(AW43*$AL$11)=0,"",AW43+(AW43*$AL$11)),"") | Q43: 758 | R43: 37.5 | S43: 68.78 | AJ43: 758 | AN43: 256.9616 | AO43: 292.4992 | AP43: 331.5312 | AQ43: 364.0112
B44: 800 | C44: =IFERROR(IF(AK44+(AK44*$AL$11)=0,"",AK44+(AK44*$AL$11)),"") | D44: =IFERROR(IF(AL44+(AL44*$AL$11)=0,"",AL44+(AL44*$AL$11)),"") | E44: =IFERROR(IF(AM44+(AM44*$AL$11)=0,"",AM44+(AM44*$AL$11)),"") | F44: =IFERROR(IF(AN44+(AN44*$AL$11)=0,"",AN44+(AN44*$AL$11)),"") | G44: =IFERROR(IF(AO44+(AO44*$AL$11)=0,"",AO44+(AO44*$AL$11)),"") | H44: =IFERROR(IF(AP44+(AP44*$AL$11)=0,"",AP44+(AP44*$AL$11)),"") | I44: =IFERROR(IF(AQ44+(AQ44*$AL$11)=0,"",AQ44+(AQ44*$AL$11)),"") | J44: =IFERROR(IF(AR44+(AR44*$AL$11)=0,"",AR44+(AR44*$AL$11)),"") | ... O44: =IFERROR(IF(AW44+(AW44*$AL$11)=0,"",AW44+(AW44*$AL$11)),"") | Q44: 800 | R44: 39.75 | S44: 71.3 | W44: Water hanger | AJ44: 800 | AL44: 221.2112 | AM44: 239.4672 | AN44: 270.0768 | AO44: 307.4512 | AP44: 348.1632 | AQ44: 383.0736
B45: 850 | C45: =IFERROR(IF(AK45+(AK45*$AL$11)=0,"",AK45+(AK45*$AL$11)),"") | D45: =IFERROR(IF(AL45+(AL45*$AL$11)=0,"",AL45+(AL45*$AL$11)),"") | E45: =IFERROR(IF(AM45+(AM45*$AL$11)=0,"",AM45+(AM45*$AL$11)),"") | F45: =IFERROR(IF(AN45+(AN45*$AL$11)=0,"",AN45+(AN45*$AL$11)),"") | G45: =IFERROR(IF(AO45+(AO45*$AL$11)=0,"",AO45+(AO45*$AL$11)),"") | H45: =IFERROR(IF(AP45+(AP45*$AL$11)=0,"",AP45+(AP45*$AL$11)),"") | I45: =IFERROR(IF(AQ45+(AQ45*$AL$11)=0,"",AQ45+(AQ45*$AL$11)),"") | J45: =IFERROR(IF(AR45+(AR45*$AL$11)=0,"",AR45+(AR45*$AL$11)),"") | ... O45: =IFERROR(IF(AW45+(AW45*$AL$11)=0,"",AW45+(AW45*$AL$11)),"") | X45: =SUM(X37:X44) | AJ45: 850 | AL45: 239.2544 | AM45: 257.5104 | AN45: 290.8976 | AO45: 331.7552 | AP45: 373.8448 | AQ45: 409.4496 | AR45: 460.0512
B46: 700/1050 | C46: =IFERROR(IF(AK46+(AK46*$AL$11)=0,"",AK46+(AK46*$AL$11)),"") | D46: =IFERROR(IF(AL46+(AL46*$AL$11)=0,"",AL46+(AL46*$AL$11)),"") | E46: =IFERROR(IF(AM46+(AM46*$AL$11)=0,"",AM46+(AM46*$AL$11)),"") | F46: =IFERROR(IF(AN46+(AN46*$AL$11)=0,"",AN46+(AN46*$AL$11)),"") | G46: =IFERROR(IF(AO46+(AO46*$AL$11)=0,"",AO46+(AO46*$AL$11)),"") | H46: =IFERROR(IF(AP46+(AP46*$AL$11)=0,"",AP46+(AP46*$AL$11)),"") | I46: =IFERROR(IF(AQ46+(AQ46*$AL$11)=0,"",AQ46+(AQ46*$AL$11)),"") | J46: =IFERROR(IF(AR46+(AR46*$AL$11)=0,"",AR46+(AR46*$AL$11)),"") | ... O46: =IFERROR(IF(AW46+(AW46*$AL$11)=0,"",AW46+(AW46*$AL$11)),"") | Q46: 700/1050 | R46: 43.05 | S46: 73.29 | AJ46: 700/1050 | AN46: 305.8384 | AO46: 349.328 | AP46: 391.9776 | AQ46: 427.5936 | AR46: 477.232
B47: 883 | C47: =IFERROR(IF(AK47+(AK47*$AL$11)=0,"",AK47+(AK47*$AL$11)),"") | D47: =IFERROR(IF(AL47+(AL47*$AL$11)=0,"",AL47+(AL47*$AL$11)),"") | E47: =IFERROR(IF(AM47+(AM47*$AL$11)=0,"",AM47+(AM47*$AL$11)),"") | F47: =IFERROR(IF(AN47+(AN47*$AL$11)=0,"",AN47+(AN47*$AL$11)),"") | G47: =IFERROR(IF(AO47+(AO47*$AL$11)=0,"",AO47+(AO47*$AL$11)),"") | H47: =IFERROR(IF(AP47+(AP47*$AL$11)=0,"",AP47+(AP47*$AL$11)),"") | I47: =IFERROR(IF(AQ47+(AQ47*$AL$11)=0,"",AQ47+(AQ47*$AL$11)),"") | J47: =IFERROR(IF(AR47+(AR47*$AL$11)=0,"",AR47+(AR47*$AL$11)),"") | ... O47: =IFERROR(IF(AW47+(AW47*$AL$11)=0,"",AW47+(AW47*$AL$11)),"") | Q47: 883 | R47: 43.05 | S47: 73.29 | AJ47: 883 | AN47: 305.8384 | AO47: 349.328 | AP47: 391.9776 | AQ47: 427.5936 | AR47: 477.232
B48: 900 | C48: =IFERROR(IF(AK48+(AK48*$AL$11)=0,"",AK48+(AK48*$AL$11)),"") | D48: =IFERROR(IF(AL48+(AL48*$AL$11)=0,"",AL48+(AL48*$AL$11)),"") | E48: =IFERROR(IF(AM48+(AM48*$AL$11)=0,"",AM48+(AM48*$AL$11)),"") | F48: =IFERROR(IF(AN48+(AN48*$AL$11)=0,"",AN48+(AN48*$AL$11)),"") | G48: =IFERROR(IF(AO48+(AO48*$AL$11)=0,"",AO48+(AO48*$AL$11)),"") | H48: =IFERROR(IF(AP48+(AP48*$AL$11)=0,"",AP48+(AP48*$AL$11)),"") | I48: =IFERROR(IF(AQ48+(AQ48*$AL$11)=0,"",AQ48+(AQ48*$AL$11)),"") | J48: =IFERROR(IF(AR48+(AR48*$AL$11)=0,"",AR48+(AR48*$AL$11)),"") | ... O48: =IFERROR(IF(AW48+(AW48*$AL$11)=0,"",AW48+(AW48*$AL$11)),"") | Q48: 900 | R48: 46.35 | S48: 78.8 | AJ48: 900 | AM48: 275.5648 | AN48: 311.7184 | AO48: 356.0368 | AP48: 399.5264 | AQ48: 435.8256 | AR48: 486.4272 | AS48: 540.008 | AT48: 593.6896
B49: 950 | C49: =IFERROR(IF(AK49+(AK49*$AL$11)=0,"",AK49+(AK49*$AL$11)),"") | D49: =IFERROR(IF(AL49+(AL49*$AL$11)=0,"",AL49+(AL49*$AL$11)),"") | E49: =IFERROR(IF(AM49+(AM49*$AL$11)=0,"",AM49+(AM49*$AL$11)),"") | F49: =IFERROR(IF(AN49+(AN49*$AL$11)=0,"",AN49+(AN49*$AL$11)),"") | G49: =IFERROR(IF(AO49+(AO49*$AL$11)=0,"",AO49+(AO49*$AL$11)),"") | H49: =IFERROR(IF(AP49+(AP49*$AL$11)=0,"",AP49+(AP49*$AL$11)),"") | I49: =IFERROR(IF(AQ49+(AQ49*$AL$11)=0,"",AQ49+(AQ49*$AL$11)),"") | J49: =IFERROR(IF(AR49+(AR49*$AL$11)=0,"",AR49+(AR49*$AL$11)),"") | ... O49: =IFERROR(IF(AW49+(AW49*$AL$11)=0,"",AW49+(AW49*$AL$11)),"") | AJ49: 950 | AM49: 293.608 | AN49: 332.5504 | AO49: 380.3408 | AP49: 425.208 | AQ49: 462.2016 | AR49: 512.8032 | AS49: 566.384 | AT49: 624.2208
B50: 1000 | C50: =IFERROR(IF(AK50+(AK50*$AL$11)=0,"",AK50+(AK50*$AL$11)),"") | D50: =IFERROR(IF(AL50+(AL50*$AL$11)=0,"",AL50+(AL50*$AL$11)),"") | E50: =IFERROR(IF(AM50+(AM50*$AL$11)=0,"",AM50+(AM50*$AL$11)),"") | F50: =IFERROR(IF(AN50+(AN50*$AL$11)=0,"",AN50+(AN50*$AL$11)),"") | G50: =IFERROR(IF(AO50+(AO50*$AL$11)=0,"",AO50+(AO50*$AL$11)),"") | H50: =IFERROR(IF(AP50+(AP50*$AL$11)=0,"",AP50+(AP50*$AL$11)),"") | I50: =IFERROR(IF(AQ50+(AQ50*$AL$11)=0,"",AQ50+(AQ50*$AL$11)),"") | J50: =IFERROR(IF(AR50+(AR50*$AL$11)=0,"",AR50+(AR50*$AL$11)),"") | ... O50: =IFERROR(IF(AW50+(AW50*$AL$11)=0,"",AW50+(AW50*$AL$11)),"") | Q50: 100 | R50: 48.23 | S50: 78.87 | AJ50: 1000 | AM50: 308.7728 | AN50: 350.1008 | AO50: 400.8816 | AP50: 446.712 | AQ50: 484.0528 | AR50: 534.184 | AS50: 587.272 | AT50: 648.704
B51: 800/1200 | C51: =IFERROR(IF(AK51+(AK51*$AL$11)=0,"",AK51+(AK51*$AL$11)),"") | D51: =IFERROR(IF(AL51+(AL51*$AL$11)=0,"",AL51+(AL51*$AL$11)),"") | E51: =IFERROR(IF(AM51+(AM51*$AL$11)=0,"",AM51+(AM51*$AL$11)),"") | F51: =IFERROR(IF(AN51+(AN51*$AL$11)=0,"",AN51+(AN51*$AL$11)),"") | G51: =IFERROR(IF(AO51+(AO51*$AL$11)=0,"",AO51+(AO51*$AL$11)),"") | H51: =IFERROR(IF(AP51+(AP51*$AL$11)=0,"",AP51+(AP51*$AL$11)),"") | I51: =IFERROR(IF(AQ51+(AQ51*$AL$11)=0,"",AQ51+(AQ51*$AL$11)),"") | J51: =IFERROR(IF(AR51+(AR51*$AL$11)=0,"",AR51+(AR51*$AL$11)),"") | ... O51: =IFERROR(IF(AW51+(AW51*$AL$11)=0,"",AW51+(AW51*$AL$11)),"") | Q51: 800/1200 | R51: 48.23 | S51: 78.87 | AJ51: 800/1200 | AP51: 451.1808 | AQ51: 488.8912 | AR51: 539.5264 | AS51: 593.1408 | AT51: 655.1888
B52: 1010 | C52: =IFERROR(IF(AK52+(AK52*$AL$11)=0,"",AK52+(AK52*$AL$11)),"") | D52: =IFERROR(IF(AL52+(AL52*$AL$11)=0,"",AL52+(AL52*$AL$11)),"") | E52: =IFERROR(IF(AM52+(AM52*$AL$11)=0,"",AM52+(AM52*$AL$11)),"") | F52: =IFERROR(IF(AN52+(AN52*$AL$11)=0,"",AN52+(AN52*$AL$11)),"") | G52: =IFERROR(IF(AO52+(AO52*$AL$11)=0,"",AO52+(AO52*$AL$11)),"") | H52: =IFERROR(IF(AP52+(AP52*$AL$11)=0,"",AP52+(AP52*$AL$11)),"") | I52: =IFERROR(IF(AQ52+(AQ52*$AL$11)=0,"",AQ52+(AQ52*$AL$11)),"") | J52: =IFERROR(IF(AR52+(AR52*$AL$11)=0,"",AR52+(AR52*$AL$11)),"") | ... O52: =IFERROR(IF(AW52+(AW52*$AL$11)=0,"",AW52+(AW52*$AL$11)),"") | Q52: 1010 | R52: 48.23 | S52: 78.87 | AJ52: 1010 | AP52: 451.1808 | AQ52: 488.8912 | AR52: 539.5264 | AS52: 593.1408 | AT52: 655.1888
B53: 1050 | C53: =IFERROR(IF(AK53+(AK53*$AL$11)=0,"",AK53+(AK53*$AL$11)),"") | D53: =IFERROR(IF(AL53+(AL53*$AL$11)=0,"",AL53+(AL53*$AL$11)),"") | E53: =IFERROR(IF(AM53+(AM53*$AL$11)=0,"",AM53+(AM53*$AL$11)),"") | F53: =IFERROR(IF(AN53+(AN53*$AL$11)=0,"",AN53+(AN53*$AL$11)),"") | G53: =IFERROR(IF(AO53+(AO53*$AL$11)=0,"",AO53+(AO53*$AL$11)),"") | H53: =IFERROR(IF(AP53+(AP53*$AL$11)=0,"",AP53+(AP53*$AL$11)),"") | I53: =IFERROR(IF(AQ53+(AQ53*$AL$11)=0,"",AQ53+(AQ53*$AL$11)),"") | J53: =IFERROR(IF(AR53+(AR53*$AL$11)=0,"",AR53+(AR53*$AL$11)),"") | ... O53: =IFERROR(IF(AW53+(AW53*$AL$11)=0,"",AW53+(AW53*$AL$11)),"") | AJ53: 1050 | AN53: 369.3536 | AO53: 422.8896 | AP53: 469.4032 | AQ53: 507.4384 | AR53: 557.5696 | AS53: 610.6576 | AT53: 674.8336 | AU53: 702.6768
B54: 1100 | C54: =IFERROR(IF(AK54+(AK54*$AL$11)=0,"",AK54+(AK54*$AL$11)),"") | D54: =IFERROR(IF(AL54+(AL54*$AL$11)=0,"",AL54+(AL54*$AL$11)),"") | E54: =IFERROR(IF(AM54+(AM54*$AL$11)=0,"",AM54+(AM54*$AL$11)),"") | F54: =IFERROR(IF(AN54+(AN54*$AL$11)=0,"",AN54+(AN54*$AL$11)),"") | G54: =IFERROR(IF(AO54+(AO54*$AL$11)=0,"",AO54+(AO54*$AL$11)),"") | H54: =IFERROR(IF(AP54+(AP54*$AL$11)=0,"",AP54+(AP54*$AL$11)),"") | I54: =IFERROR(IF(AQ54+(AQ54*$AL$11)=0,"",AQ54+(AQ54*$AL$11)),"") | J54: =IFERROR(IF(AR54+(AR54*$AL$11)=0,"",AR54+(AR54*$AL$11)),"") | ... O54: =IFERROR(IF(AW54+(AW54*$AL$11)=0,"",AW54+(AW54*$AL$11)),"") | Q54: 1100 | R54: 51.38 | S54: 82.08 | AJ54: 1100 | AN54: 388.6064 | AO54: 444.8864 | AP54: 492.0944 | AQ54: 530.8128 | AR54: 580.944 | AS54: 634.032 | AT54: 700.9632 | AU54: 720.0368
B55: 1150 | C55: =IFERROR(IF(AK55+(AK55*$AL$11)=0,"",AK55+(AK55*$AL$11)),"") | D55: =IFERROR(IF(AL55+(AL55*$AL$11)=0,"",AL55+(AL55*$AL$11)),"") | E55: =IFERROR(IF(AM55+(AM55*$AL$11)=0,"",AM55+(AM55*$AL$11)),"") | F55: =IFERROR(IF(AN55+(AN55*$AL$11)=0,"",AN55+(AN55*$AL$11)),"") | G55: =IFERROR(IF(AO55+(AO55*$AL$11)=0,"",AO55+(AO55*$AL$11)),"") | H55: =IFERROR(IF(AP55+(AP55*$AL$11)=0,"",AP55+(AP55*$AL$11)),"") | I55: =IFERROR(IF(AQ55+(AQ55*$AL$11)=0,"",AQ55+(AQ55*$AL$11)),"") | J55: =IFERROR(IF(AR55+(AR55*$AL$11)=0,"",AR55+(AR55*$AL$11)),"") | ... O55: =IFERROR(IF(AW55+(AW55*$AL$11)=0,"",AW55+(AW55*$AL$11)),"") | AJ55: 1150 | AN55: 404.9808 | AO55: 471.0272 | AP55: 519.6016 | AQ55: 559.6976 | AR55: 609.8288 | AS55: 662.9168 | AT55: 736.7248 | AU55: 770.9296 | AV55: 835.4192 | AW55: 889.9744
B56: 900/1350 | C56: =IFERROR(IF(AK56+(AK56*$AL$11)=0,"",AK56+(AK56*$AL$11)),"") | D56: =IFERROR(IF(AL56+(AL56*$AL$11)=0,"",AL56+(AL56*$AL$11)),"") | E56: =IFERROR(IF(AM56+(AM56*$AL$11)=0,"",AM56+(AM56*$AL$11)),"") | F56: =IFERROR(IF(AN56+(AN56*$AL$11)=0,"",AN56+(AN56*$AL$11)),"") | G56: =IFERROR(IF(AO56+(AO56*$AL$11)=0,"",AO56+(AO56*$AL$11)),"") | H56: =IFERROR(IF(AP56+(AP56*$AL$11)=0,"",AP56+(AP56*$AL$11)),"") | I56: =IFERROR(IF(AQ56+(AQ56*$AL$11)=0,"",AQ56+(AQ56*$AL$11)),"") | J56: =IFERROR(IF(AR56+(AR56*$AL$11)=0,"",AR56+(AR56*$AL$11)),"") | ... O56: =IFERROR(IF(AW56+(AW56*$AL$11)=0,"",AW56+(AW56*$AL$11)),"") | Q56: 900/1350 | R56: 54 | S56: 83 | AJ56: 900/1350 | AQ56: 548.184 | AR56: 599.9616 | AS56: 654.7856 | AT56: 723.9008 | AU56: 848.7136
B57: 1136 | C57: =IFERROR(IF(AK57+(AK57*$AL$11)=0,"",AK57+(AK57*$AL$11)),"") | D57: =IFERROR(IF(AL57+(AL57*$AL$11)=0,"",AL57+(AL57*$AL$11)),"") | E57: =IFERROR(IF(AM57+(AM57*$AL$11)=0,"",AM57+(AM57*$AL$11)),"") | F57: =IFERROR(IF(AN57+(AN57*$AL$11)=0,"",AN57+(AN57*$AL$11)),"") | G57: =IFERROR(IF(AO57+(AO57*$AL$11)=0,"",AO57+(AO57*$AL$11)),"") | H57: =IFERROR(IF(AP57+(AP57*$AL$11)=0,"",AP57+(AP57*$AL$11)),"") | I57: =IFERROR(IF(AQ57+(AQ57*$AL$11)=0,"",AQ57+(AQ57*$AL$11)),"") | J57: =IFERROR(IF(AR57+(AR57*$AL$11)=0,"",AR57+(AR57*$AL$11)),"") | ... O57: =IFERROR(IF(AW57+(AW57*$AL$11)=0,"",AW57+(AW57*$AL$11)),"") | Q57: 1136 | R57: 54 | S57: 83 | AJ57: 1136 | AQ57: 548.184 | AR57: 599.9616 | AS57: 654.7856 | AT57: 723.9008 | AU57: 848.7136
B58: 1200 | C58: =IFERROR(IF(AK58+(AK58*$AL$11)=0,"",AK58+(AK58*$AL$11)),"") | D58: =IFERROR(IF(AL58+(AL58*$AL$11)=0,"",AL58+(AL58*$AL$11)),"") | E58: =IFERROR(IF(AM58+(AM58*$AL$11)=0,"",AM58+(AM58*$AL$11)),"") | F58: =IFERROR(IF(AN58+(AN58*$AL$11)=0,"",AN58+(AN58*$AL$11)),"") | G58: =IFERROR(IF(AO58+(AO58*$AL$11)=0,"",AO58+(AO58*$AL$11)),"") | H58: =IFERROR(IF(AP58+(AP58*$AL$11)=0,"",AP58+(AP58*$AL$11)),"") | I58: =IFERROR(IF(AQ58+(AQ58*$AL$11)=0,"",AQ58+(AQ58*$AL$11)),"") | J58: =IFERROR(IF(AR58+(AR58*$AL$11)=0,"",AR58+(AR58*$AL$11)),"") | ... O58: =IFERROR(IF(AW58+(AW58*$AL$11)=0,"",AW58+(AW58*$AL$11)),"") | Q58: 1200 | R58: 55.5 | S58: 86.3 | AJ58: 1200 | AN58: 432.6224 | AO58: 497.1568 | AP58: 547.1088 | AQ58: 588.5824 | AR58: 638.7136 | AS58: 691.8016 | AT58: 772.4864 | AU58: 821.8112 | AV58: 890.9824 | AW58: 949.1664
B59: 1250 | C59: =IFERROR(IF(AK59+(AK59*$AL$11)=0,"",AK59+(AK59*$AL$11)),"") | D59: =IFERROR(IF(AL59+(AL59*$AL$11)=0,"",AL59+(AL59*$AL$11)),"") | E59: =IFERROR(IF(AM59+(AM59*$AL$11)=0,"",AM59+(AM59*$AL$11)),"") | F59: =IFERROR(IF(AN59+(AN59*$AL$11)=0,"",AN59+(AN59*$AL$11)),"") | G59: =IFERROR(IF(AO59+(AO59*$AL$11)=0,"",AO59+(AO59*$AL$11)),"") | H59: =IFERROR(IF(AP59+(AP59*$AL$11)=0,"",AP59+(AP59*$AL$11)),"") | I59: =IFERROR(IF(AQ59+(AQ59*$AL$11)=0,"",AQ59+(AQ59*$AL$11)),"") | J59: =IFERROR(IF(AR59+(AR59*$AL$11)=0,"",AR59+(AR59*$AL$11)),"") | ... O59: =IFERROR(IF(AW59+(AW59*$AL$11)=0,"",AW59+(AW59*$AL$11)),"") | Q59: 1250 | R59: 65 | S59: 95 | AJ59: 1250 | AO59: 523.2864 | AP59: 574.616 | AQ59: 617.4672 | AR59: 667.5872 | AS59: 720.6752 | AT59: 808.248 | AU59: 918.0304 | AV59: 984.6816 | AW59: 1052.4416
B60: 1000/1500 | C60: =IFERROR(IF(AK60+(AK60*$AL$11)=0,"",AK60+(AK60*$AL$11)),"") | D60: =IFERROR(IF(AL60+(AL60*$AL$11)=0,"",AL60+(AL60*$AL$11)),"") | E60: =IFERROR(IF(AM60+(AM60*$AL$11)=0,"",AM60+(AM60*$AL$11)),"") | F60: =IFERROR(IF(AN60+(AN60*$AL$11)=0,"",AN60+(AN60*$AL$11)),"") | G60: =IFERROR(IF(AO60+(AO60*$AL$11)=0,"",AO60+(AO60*$AL$11)),"") | H60: =IFERROR(IF(AP60+(AP60*$AL$11)=0,"",AP60+(AP60*$AL$11)),"") | I60: =IFERROR(IF(AQ60+(AQ60*$AL$11)=0,"",AQ60+(AQ60*$AL$11)),"") | J60: =IFERROR(IF(AR60+(AR60*$AL$11)=0,"",AR60+(AR60*$AL$11)),"") | ... O60: =IFERROR(IF(AW60+(AW60*$AL$11)=0,"",AW60+(AW60*$AL$11)),"") | Q60: 1000/1500 | R60: 65 | S60: 95 | AJ60: 1000/1500 | AQ60: 623.3808 | AR60: 673.9936 | AS60: 727.5968 | AT60: 815.9984 | AU60: 926.856 | AV60: 994.1344 | AW60: 1062.5552
B61: 1262 | C61: =IFERROR(IF(AK61+(AK61*$AL$11)=0,"",AK61+(AK61*$AL$11)),"") | D61: =IFERROR(IF(AL61+(AL61*$AL$11)=0,"",AL61+(AL61*$AL$11)),"") | E61: =IFERROR(IF(AM61+(AM61*$AL$11)=0,"",AM61+(AM61*$AL$11)),"") | F61: =IFERROR(IF(AN61+(AN61*$AL$11)=0,"",AN61+(AN61*$AL$11)),"") | G61: =IFERROR(IF(AO61+(AO61*$AL$11)=0,"",AO61+(AO61*$AL$11)),"") | H61: =IFERROR(IF(AP61+(AP61*$AL$11)=0,"",AP61+(AP61*$AL$11)),"") | I61: =IFERROR(IF(AQ61+(AQ61*$AL$11)=0,"",AQ61+(AQ61*$AL$11)),"") | J61: =IFERROR(IF(AR61+(AR61*$AL$11)=0,"",AR61+(AR61*$AL$11)),"") | ... O61: =IFERROR(IF(AW61+(AW61*$AL$11)=0,"",AW61+(AW61*$AL$11)),"") | Q61: 1262 | R61: 65 | S61: 95 | AJ61: 1262 | AQ61: 623.3808 | AR61: 673.9936 | AS61: 727.5968 | AT61: 815.9984 | AU61: 926.856 | AV61: 994.1344 | AW61: 1062.5552
B62: 1300 | C62: =IFERROR(IF(AK62+(AK62*$AL$11)=0,"",AK62+(AK62*$AL$11)),"") | D62: =IFERROR(IF(AL62+(AL62*$AL$11)=0,"",AL62+(AL62*$AL$11)),"") | E62: =IFERROR(IF(AM62+(AM62*$AL$11)=0,"",AM62+(AM62*$AL$11)),"") | F62: =IFERROR(IF(AN62+(AN62*$AL$11)=0,"",AN62+(AN62*$AL$11)),"") | G62: =IFERROR(IF(AO62+(AO62*$AL$11)=0,"",AO62+(AO62*$AL$11)),"") | H62: =IFERROR(IF(AP62+(AP62*$AL$11)=0,"",AP62+(AP62*$AL$11)),"") | I62: =IFERROR(IF(AQ62+(AQ62*$AL$11)=0,"",AQ62+(AQ62*$AL$11)),"") | J62: =IFERROR(IF(AR62+(AR62*$AL$11)=0,"",AR62+(AR62*$AL$11)),"") | ... O62: =IFERROR(IF(AW62+(AW62*$AL$11)=0,"",AW62+(AW62*$AL$11)),"") | AJ62: 1300 | AO62: 572.6 | AP62: 654.416 | AQ62: 724.2144 | AR62: 794.5504 | AS62: 865.256 | AT62: 936.2304 | AU62: 1014.2384 | AV62: 1078.3696 | AW62: 1155.7056
B63: 1350 | C63: =IFERROR(IF(AK63+(AK63*$AL$11)=0,"",AK63+(AK63*$AL$11)),"") | D63: =IFERROR(IF(AL63+(AL63*$AL$11)=0,"",AL63+(AL63*$AL$11)),"") | E63: =IFERROR(IF(AM63+(AM63*$AL$11)=0,"",AM63+(AM63*$AL$11)),"") | F63: =IFERROR(IF(AN63+(AN63*$AL$11)=0,"",AN63+(AN63*$AL$11)),"") | G63: =IFERROR(IF(AO63+(AO63*$AL$11)=0,"",AO63+(AO63*$AL$11)),"") | H63: =IFERROR(IF(AP63+(AP63*$AL$11)=0,"",AP63+(AP63*$AL$11)),"") | I63: =IFERROR(IF(AQ63+(AQ63*$AL$11)=0,"",AQ63+(AQ63*$AL$11)),"") | J63: =IFERROR(IF(AR63+(AR63*$AL$11)=0,"",AR63+(AR63*$AL$11)),"") | ... O63: =IFERROR(IF(AW63+(AW63*$AL$11)=0,"",AW63+(AW63*$AL$11)),"") | Q63: 1350 | R63: 70 | S63: 105 | AJ63: 1350 | AO63: 594.552 | AP63: 679.504 | AQ63: 751.968 | AR63: 825.0256 | AS63: 898.4416 | AT63: 972.1152 | AU63: 1053.136 | AV63: 1123.2256 | AW63: 1200.0352
B64: 1400 | C64: =IFERROR(IF(AK64+(AK64*$AL$11)=0,"",AK64+(AK64*$AL$11)),"") | D64: =IFERROR(IF(AL64+(AL64*$AL$11)=0,"",AL64+(AL64*$AL$11)),"") | E64: =IFERROR(IF(AM64+(AM64*$AL$11)=0,"",AM64+(AM64*$AL$11)),"") | F64: =IFERROR(IF(AN64+(AN64*$AL$11)=0,"",AN64+(AN64*$AL$11)),"") | G64: =IFERROR(IF(AO64+(AO64*$AL$11)=0,"",AO64+(AO64*$AL$11)),"") | H64: =IFERROR(IF(AP64+(AP64*$AL$11)=0,"",AP64+(AP64*$AL$11)),"") | I64: =IFERROR(IF(AQ64+(AQ64*$AL$11)=0,"",AQ64+(AQ64*$AL$11)),"") | J64: =IFERROR(IF(AR64+(AR64*$AL$11)=0,"",AR64+(AR64*$AL$11)),"") | ... O64: =IFERROR(IF(AW64+(AW64*$AL$11)=0,"",AW64+(AW64*$AL$11)),"") | AJ64: 1400 | AO64: 610.7472 | AP64: 697.9952 | AQ64: 772.4528 | AR64: 847.4816 | AS64: 922.9136 | AT64: 998.6032 | AU64: 1081.8192 | AV64: 1157.1616 | AW64: 1232.728
B65: 1450 | C65: =IFERROR(IF(AK65+(AK65*$AL$11)=0,"",AK65+(AK65*$AL$11)),"") | D65: =IFERROR(IF(AL65+(AL65*$AL$11)=0,"",AL65+(AL65*$AL$11)),"") | E65: =IFERROR(IF(AM65+(AM65*$AL$11)=0,"",AM65+(AM65*$AL$11)),"") | F65: =IFERROR(IF(AN65+(AN65*$AL$11)=0,"",AN65+(AN65*$AL$11)),"") | G65: =IFERROR(IF(AO65+(AO65*$AL$11)=0,"",AO65+(AO65*$AL$11)),"") | H65: =IFERROR(IF(AP65+(AP65*$AL$11)=0,"",AP65+(AP65*$AL$11)),"") | I65: =IFERROR(IF(AQ65+(AQ65*$AL$11)=0,"",AQ65+(AQ65*$AL$11)),"") | J65: =IFERROR(IF(AR65+(AR65*$AL$11)=0,"",AR65+(AR65*$AL$11)),"") | ... O65: =IFERROR(IF(AW65+(AW65*$AL$11)=0,"",AW65+(AW65*$AL$11)),"") | AJ65: 1450 | AP65: 722.848 | AQ65: 799.9488 | AR65: 890.3328 | AS65: 955.7632 | AT65: 1034.1744 | AU65: 1120.3472 | AV65: 1198.3552 | AW65: 1264.5808
B66: 1500 | C66: =IFERROR(IF(AK66+(AK66*$AL$11)=0,"",AK66+(AK66*$AL$11)),"") | D66: =IFERROR(IF(AL66+(AL66*$AL$11)=0,"",AL66+(AL66*$AL$11)),"") | E66: =IFERROR(IF(AM66+(AM66*$AL$11)=0,"",AM66+(AM66*$AL$11)),"") | F66: =IFERROR(IF(AN66+(AN66*$AL$11)=0,"",AN66+(AN66*$AL$11)),"") | G66: =IFERROR(IF(AO66+(AO66*$AL$11)=0,"",AO66+(AO66*$AL$11)),"") | H66: =IFERROR(IF(AP66+(AP66*$AL$11)=0,"",AP66+(AP66*$AL$11)),"") | I66: =IFERROR(IF(AQ66+(AQ66*$AL$11)=0,"",AQ66+(AQ66*$AL$11)),"") | J66: =IFERROR(IF(AR66+(AR66*$AL$11)=0,"",AR66+(AR66*$AL$11)),"") | ... O66: =IFERROR(IF(AW66+(AW66*$AL$11)=0,"",AW66+(AW66*$AL$11)),"") | Q66: 1500 | R66: 75 | S66: 115 | AJ66: 1500 | AP66: 747.7008 | AQ66: 827.456 | AR66: 933.1616 | AS66: 988.6352 | AT66: 1069.7232 | AU66: 1158.864 | AV66: 1239.5712 | AW66: 1296.4448
B67: 1200/1800 | C67: =IFERROR(IF(AK67+(AK67*$AL$11)=0,"",AK67+(AK67*$AL$11)),"") | D67: =IFERROR(IF(AL67+(AL67*$AL$11)=0,"",AL67+(AL67*$AL$11)),"") | E67: =IFERROR(IF(AM67+(AM67*$AL$11)=0,"",AM67+(AM67*$AL$11)),"") | F67: =IFERROR(IF(AN67+(AN67*$AL$11)=0,"",AN67+(AN67*$AL$11)),"") | G67: =IFERROR(IF(AO67+(AO67*$AL$11)=0,"",AO67+(AO67*$AL$11)),"") | H67: =IFERROR(IF(AP67+(AP67*$AL$11)=0,"",AP67+(AP67*$AL$11)),"") | I67: =IFERROR(IF(AQ67+(AQ67*$AL$11)=0,"",AQ67+(AQ67*$AL$11)),"") | J67: =IFERROR(IF(AR67+(AR67*$AL$11)=0,"",AR67+(AR67*$AL$11)),"") | ... O67: =IFERROR(IF(AW67+(AW67*$AL$11)=0,"",AW67+(AW67*$AL$11)),"") | AJ67: 1200/1800 | AT67: 1080.4192 | AU67: 1170.456 | AV67: 1251.9584 | AW67: 1309.4032
B68: 1515 | C68: =IFERROR(IF(AK68+(AK68*$AL$11)=0,"",AK68+(AK68*$AL$11)),"") | D68: =IFERROR(IF(AL68+(AL68*$AL$11)=0,"",AL68+(AL68*$AL$11)),"") | E68: =IFERROR(IF(AM68+(AM68*$AL$11)=0,"",AM68+(AM68*$AL$11)),"") | F68: =IFERROR(IF(AN68+(AN68*$AL$11)=0,"",AN68+(AN68*$AL$11)),"") | G68: =IFERROR(IF(AO68+(AO68*$AL$11)=0,"",AO68+(AO68*$AL$11)),"") | H68: =IFERROR(IF(AP68+(AP68*$AL$11)=0,"",AP68+(AP68*$AL$11)),"") | I68: =IFERROR(IF(AQ68+(AQ68*$AL$11)=0,"",AQ68+(AQ68*$AL$11)),"") | J68: =IFERROR(IF(AR68+(AR68*$AL$11)=0,"",AR68+(AR68*$AL$11)),"") | ... O68: =IFERROR(IF(AW68+(AW68*$AL$11)=0,"",AW68+(AW68*$AL$11)),"") | AJ68: 1515 | AT68: 1080.4192 | AU68: 1170.456 | AV68: 1251.9584 | AW68: 1309.4032
B69: 1550 | C69: =IFERROR(IF(AK69+(AK69*$AL$11)=0,"",AK69+(AK69*$AL$11)),"") | D69: =IFERROR(IF(AL69+(AL69*$AL$11)=0,"",AL69+(AL69*$AL$11)),"") | E69: =IFERROR(IF(AM69+(AM69*$AL$11)=0,"",AM69+(AM69*$AL$11)),"") | F69: =IFERROR(IF(AN69+(AN69*$AL$11)=0,"",AN69+(AN69*$AL$11)),"") | G69: =IFERROR(IF(AO69+(AO69*$AL$11)=0,"",AO69+(AO69*$AL$11)),"") | H69: =IFERROR(IF(AP69+(AP69*$AL$11)=0,"",AP69+(AP69*$AL$11)),"") | I69: =IFERROR(IF(AQ69+(AQ69*$AL$11)=0,"",AQ69+(AQ69*$AL$11)),"") | J69: =IFERROR(IF(AR69+(AR69*$AL$11)=0,"",AR69+(AR69*$AL$11)),"") | ... O69: =IFERROR(IF(AW69+(AW69*$AL$11)=0,"",AW69+(AW69*$AL$11)),"") | AJ69: 1550 | AQ69: 854.9632 | AR69: 975.9904 | AS69: 1021.496 | AT69: 1105.2832 | AU69: 1197.392 | AV69: 1280.776 | AW69: 1328.2976
B70: 1600 | C70: =IFERROR(IF(AK70+(AK70*$AL$11)=0,"",AK70+(AK70*$AL$11)),"") | D70: =IFERROR(IF(AL70+(AL70*$AL$11)=0,"",AL70+(AL70*$AL$11)),"") | E70: =IFERROR(IF(AM70+(AM70*$AL$11)=0,"",AM70+(AM70*$AL$11)),"") | F70: =IFERROR(IF(AN70+(AN70*$AL$11)=0,"",AN70+(AN70*$AL$11)),"") | G70: =IFERROR(IF(AO70+(AO70*$AL$11)=0,"",AO70+(AO70*$AL$11)),"") | H70: =IFERROR(IF(AP70+(AP70*$AL$11)=0,"",AP70+(AP70*$AL$11)),"") | I70: =IFERROR(IF(AQ70+(AQ70*$AL$11)=0,"",AQ70+(AQ70*$AL$11)),"") | J70: =IFERROR(IF(AR70+(AR70*$AL$11)=0,"",AR70+(AR70*$AL$11)),"") | ... O70: =IFERROR(IF(AW70+(AW70*$AL$11)=0,"",AW70+(AW70*$AL$11)),"") | Q70: 1200/1800 | R70: 75 | S70: 115 | AJ70: 1600 | AQ70: 882.4704 | AR70: 1018.8304 | AS70: 1054.3568 | AT70: 1140.8432 | AU70: 1235.9088 | AV70: 1321.9808 | AW70: 1360.1504
B71: 46082
B72: Insituform DN | C72: 4.5 | D72: 6 | E72: 7.5 | F72: 9 | G72: 10.5 | H72: 12 | I72: 13.5 | J72: 15 | K72: 16.5 | L72: 18 | M72: 19.5 | N72: 21 | O72: 22.5 | P72: 24 | R72: DN | S72: verloop | V72: Eindstuk | W72: Omslaan | X72: Korte lengte | Y72: min. Lengte | AK72: Index % (Insituform) | AL72: 0.0565
B73: 200 | C73: 31.65 | D73: 36.91 | E73: 40.98 | F73: =IFERROR(IF(AN75+(AN75*$AL$72)=0,"",AN75+(AN75*$AL$72)),"") | G73: =IFERROR(IF(AO75+(AO75*$AL$72)=0,"",AO75+(AO75*$AL$72)),"") | H73: =IFERROR(IF(AP75+(AP75*$AL$72)=0,"",AP75+(AP75*$AL$72)),"") | I73: =IFERROR(IF(AQ75+(AQ75*$AL$72)=0,"",AQ75+(AQ75*$AL$72)),"") | J73: =IFERROR(IF(AR75+(AR75*$AL$72)=0,"",AR75+(AR75*$AL$72)),"") | K73: =IFERROR(IF(AS75+(AS75*$AL$72)=0,"",AS75+(AS75*$AL$72)),"") | L73: =IFERROR(IF(AT75+(AT75*$AL$72)=0,"",AT75+(AT75*$AL$72)),"") | M73: =IFERROR(IF(AU75+(AU75*$AL$72)=0,"",AU75+(AU75*$AL$72)),"") | ... P73: =IFERROR(IF(AX75+(AX75*$AL$72)=0,"",AX75+(AX75*$AL$72)),"") | R73: 200 | S73: 235.72 | V73: 160.98 | W73: 160.98 | AJ73: 44682
B74: 250 | C74: =IFERROR(IF(AK76+(AK76*$AL$72)=0,"",AK76+(AK76*$AL$72)),"") | D74: 42.44 | E74: 47.54 | F74: 51.91 | G74: =IFERROR(IF(AO76+(AO76*$AL$72)=0,"",AO76+(AO76*$AL$72)),"") | H74: =IFERROR(IF(AP76+(AP76*$AL$72)=0,"",AP76+(AP76*$AL$72)),"") | I74: =IFERROR(IF(AQ76+(AQ76*$AL$72)=0,"",AQ76+(AQ76*$AL$72)),"") | J74: =IFERROR(IF(AR76+(AR76*$AL$72)=0,"",AR76+(AR76*$AL$72)),"") | K74: =IFERROR(IF(AS76+(AS76*$AL$72)=0,"",AS76+(AS76*$AL$72)),"") | L74: =IFERROR(IF(AT76+(AT76*$AL$72)=0,"",AT76+(AT76*$AL$72)),"") | M74: =IFERROR(IF(AU76+(AU76*$AL$72)=0,"",AU76+(AU76*$AL$72)),"") | N74: =IFERROR(IF(AV76+(AV76*$AL$72)=0,"",AV76+(AV76*$AL$72)),"") | ... P74: =IFERROR(IF(AX76+(AX76*$AL$72)=0,"",AX76+(AX76*$AL$72)),"") | R74: 250 | S74: 235.72 | V74: 160.98 | W74: 160.98 | AJ74: Insituform | AK74: 4.5 | AL74: 6 | AM74: 7.5 | AN74: 9 | AO74: 10.5 | AP74: 12 | AQ74: 13.5 | AR74: 15 | AS74: 16.5 | AT74: 18 | AU74: 19.5 | AV74: 21 | AW74: 22.5 | AX74: 24
B75: 300 | C75: =IFERROR(IF(AK77+(AK77*$AL$72)=0,"",AK77+(AK77*$AL$72)),"") | D75: 48.04 | E75: 54.1 | F75: 59.33 | G75: 66.54 | H75: =IFERROR(IF(AP77+(AP77*$AL$72)=0,"",AP77+(AP77*$AL$72)),"") | I75: =IFERROR(IF(AQ77+(AQ77*$AL$72)=0,"",AQ77+(AQ77*$AL$72)),"") | J75: =IFERROR(IF(AR77+(AR77*$AL$72)=0,"",AR77+(AR77*$AL$72)),"") | K75: =IFERROR(IF(AS77+(AS77*$AL$72)=0,"",AS77+(AS77*$AL$72)),"") | L75: =IFERROR(IF(AT77+(AT77*$AL$72)=0,"",AT77+(AT77*$AL$72)),"") | M75: =IFERROR(IF(AU77+(AU77*$AL$72)=0,"",AU77+(AU77*$AL$72)),"") | N75: =IFERROR(IF(AV77+(AV77*$AL$72)=0,"",AV77+(AV77*$AL$72)),"") | O75: =IFERROR(IF(AW77+(AW77*$AL$72)=0,"",AW77+(AW77*$AL$72)),"") | P75: =IFERROR(IF(AX77+(AX77*$AL$72)=0,"",AX77+(AX77*$AL$72)),"") | R75: 300 | S75: 252.96 | V75: 160.98 | W75: 160.98 | AJ75: 200 | AK75: 29.08 | AL75: 33.92 | AM75: 37.66
B76: 350 | C76: =IFERROR(IF(AK78+(AK78*$AL$72)=0,"",AK78+(AK78*$AL$72)),"") | D76: 53.57 | E76: 60.73 | F76: 66.92 | G76: 76.15 | H76: 81.4 | I76: =IFERROR(IF(AQ78+(AQ78*$AL$72)=0,"",AQ78+(AQ78*$AL$72)),"") | J76: =IFERROR(IF(AR78+(AR78*$AL$72)=0,"",AR78+(AR78*$AL$72)),"") | K76: =IFERROR(IF(AS78+(AS78*$AL$72)=0,"",AS78+(AS78*$AL$72)),"") | L76: =IFERROR(IF(AT78+(AT78*$AL$72)=0,"",AT78+(AT78*$AL$72)),"") | M76: =IFERROR(IF(AU78+(AU78*$AL$72)=0,"",AU78+(AU78*$AL$72)),"") | N76: =IFERROR(IF(AV78+(AV78*$AL$72)=0,"",AV78+(AV78*$AL$72)),"") | O76: =IFERROR(IF(AW78+(AW78*$AL$72)=0,"",AW78+(AW78*$AL$72)),"") | P76: =IFERROR(IF(AX78+(AX78*$AL$72)=0,"",AX78+(AX78*$AL$72)),"") | R76: 350 | S76: 264.46 | V76: 160.98 | W76: 160.98 | AJ76: 250 | AL76: 39 | AM76: 43.69 | AN76: 47.7
B77: 400 | C77: =IFERROR(IF(AK79+(AK79*$AL$72)=0,"",AK79+(AK79*$AL$72)),"") | D77: =IFERROR(IF(AL79+(AL79*$AL$72)=0,"",AL79+(AL79*$AL$72)),"") | E77: 66.65 | F77: 74 | G77: 84.26 | H77: 90.46 | I77: =IFERROR(IF(AQ79+(AQ79*$AL$72)=0,"",AQ79+(AQ79*$AL$72)),"") | J77: =IFERROR(IF(AR79+(AR79*$AL$72)=0,"",AR79+(AR79*$AL$72)),"") | K77: =IFERROR(IF(AS79+(AS79*$AL$72)=0,"",AS79+(AS79*$AL$72)),"") | L77: =IFERROR(IF(AT79+(AT79*$AL$72)=0,"",AT79+(AT79*$AL$72)),"") | M77: =IFERROR(IF(AU79+(AU79*$AL$72)=0,"",AU79+(AU79*$AL$72)),"") | N77: =IFERROR(IF(AV79+(AV79*$AL$72)=0,"",AV79+(AV79*$AL$72)),"") | O77: =IFERROR(IF(AW79+(AW79*$AL$72)=0,"",AW79+(AW79*$AL$72)),"") | P77: =IFERROR(IF(AX79+(AX79*$AL$72)=0,"",AX79+(AX79*$AL$72)),"") | R77: 400 | S77: 264.46 | V77: 166.73 | W77: 166.73 | AJ77: 300 | AL77: 44.15 | AM77: 49.71 | AN77: 54.52 | AO77: 61.14
B78: 450 | C78: =IFERROR(IF(AK80+(AK80*$AL$72)=0,"",AK80+(AK80*$AL$72)),"") | D78: =IFERROR(IF(AL80+(AL80*$AL$72)=0,"",AL80+(AL80*$AL$72)),"") | E78: 73.34 | F78: 81.7 | G78: 92.88 | H78: 99.93 | I78: 108.89 | J78: =IFERROR(IF(AR80+(AR80*$AL$72)=0,"",AR80+(AR80*$AL$72)),"") | K78: =IFERROR(IF(AS80+(AS80*$AL$72)=0,"",AS80+(AS80*$AL$72)),"") | L78: =IFERROR(IF(AT80+(AT80*$AL$72)=0,"",AT80+(AT80*$AL$72)),"") | M78: =IFERROR(IF(AU80+(AU80*$AL$72)=0,"",AU80+(AU80*$AL$72)),"") | N78: =IFERROR(IF(AV80+(AV80*$AL$72)=0,"",AV80+(AV80*$AL$72)),"") | O78: =IFERROR(IF(AW80+(AW80*$AL$72)=0,"",AW80+(AW80*$AL$72)),"") | P78: =IFERROR(IF(AX80+(AX80*$AL$72)=0,"",AX80+(AX80*$AL$72)),"") | R78: 450 | S78: 289.96 | V78: 189.72 | W78: 189.72 | AJ78: 350 | AL78: 49.23 | AM78: 55.81 | AN78: 61.49 | AO78: 69.98 | AP78: 74.81
B79: 500 | C79: =IFERROR(IF(AK81+(AK81*$AL$72)=0,"",AK81+(AK81*$AL$72)),"") | D79: =IFERROR(IF(AL81+(AL81*$AL$72)=0,"",AL81+(AL81*$AL$72)),"") | E79: =IFERROR(IF(AM81+(AM81*$AL$72)=0,"",AM81+(AM81*$AL$72)),"") | F79: 89.61 | G79: 101.96 | H79: 109.89 | I79: 119.95 | J79: 128.83 | K79: =IFERROR(IF(AS81+(AS81*$AL$72)=0,"",AS81+(AS81*$AL$72)),"") | L79: =IFERROR(IF(AT81+(AT81*$AL$72)=0,"",AT81+(AT81*$AL$72)),"") | M79: =IFERROR(IF(AU81+(AU81*$AL$72)=0,"",AU81+(AU81*$AL$72)),"") | N79: =IFERROR(IF(AV81+(AV81*$AL$72)=0,"",AV81+(AV81*$AL$72)),"") | O79: =IFERROR(IF(AW81+(AW81*$AL$72)=0,"",AW81+(AW81*$AL$72)),"") | P79: =IFERROR(IF(AX81+(AX81*$AL$72)=0,"",AX81+(AX81*$AL$72)),"") | R79: 500 | S79: 327.7 | V79: 195.47 | W79: 195.47 | AJ79: 400 | AM79: 61.25 | AN79: 68 | AO79: 77.43 | AP79: 83.13
B80: 550 | C80: =IFERROR(IF(AK82+(AK82*$AL$72)=0,"",AK82+(AK82*$AL$72)),"") | D80: =IFERROR(IF(AL82+(AL82*$AL$72)=0,"",AL82+(AL82*$AL$72)),"") | E80: =IFERROR(IF(AM82+(AM82*$AL$72)=0,"",AM82+(AM82*$AL$72)),"") | F80: 97.46 | G80: 110.77 | H80: 119.87 | I80: 130.98 | J80: 140.72 | K80: =IFERROR(IF(AS82+(AS82*$AL$72)=0,"",AS82+(AS82*$AL$72)),"") | L80: =IFERROR(IF(AT82+(AT82*$AL$72)=0,"",AT82+(AT82*$AL$72)),"") | M80: =IFERROR(IF(AU82+(AU82*$AL$72)=0,"",AU82+(AU82*$AL$72)),"") | N80: =IFERROR(IF(AV82+(AV82*$AL$72)=0,"",AV82+(AV82*$AL$72)),"") | O80: =IFERROR(IF(AW82+(AW82*$AL$72)=0,"",AW82+(AW82*$AL$72)),"") | P80: =IFERROR(IF(AX82+(AX82*$AL$72)=0,"",AX82+(AX82*$AL$72)),"") | R80: 550 | S80: 327.7 | V80: 195.47 | W80: 195.47 | AJ80: 450 | AM80: 67.4 | AN80: 75.08 | AO80: 85.35 | AP80: 91.83 | AQ80: 100.07
B81: 600 | C81: =IFERROR(IF(AK83+(AK83*$AL$72)=0,"",AK83+(AK83*$AL$72)),"") | D81: =IFERROR(IF(AL83+(AL83*$AL$72)=0,"",AL83+(AL83*$AL$72)),"") | E81: =IFERROR(IF(AM83+(AM83*$AL$72)=0,"",AM83+(AM83*$AL$72)),"") | F81: 103.87 | G81: 117.99 | H81: 128 | I81: 139.87 | J81: 150.76 | K81: =IFERROR(IF(AS83+(AS83*$AL$72)=0,"",AS83+(AS83*$AL$72)),"") | L81: =IFERROR(IF(AT83+(AT83*$AL$72)=0,"",AT83+(AT83*$AL$72)),"") | M81: =IFERROR(IF(AU83+(AU83*$AL$72)=0,"",AU83+(AU83*$AL$72)),"") | N81: =IFERROR(IF(AV83+(AV83*$AL$72)=0,"",AV83+(AV83*$AL$72)),"") | O81: =IFERROR(IF(AW83+(AW83*$AL$72)=0,"",AW83+(AW83*$AL$72)),"") | P81: =IFERROR(IF(AX83+(AX83*$AL$72)=0,"",AX83+(AX83*$AL$72)),"") | R81: 600 | S81: 344.95 | V81: 252.96 | W81: 252.96 | X81: 574.92 | Y81: 80 | AJ81: 500 | AN81: 82.35 | AO81: 93.7 | AP81: 100.99 | AQ81: 110.23 | AR81: 118.39
B82: 650 | C82: =IFERROR(IF(AK84+(AK84*$AL$72)=0,"",AK84+(AK84*$AL$72)),"") | D82: =IFERROR(IF(AL84+(AL84*$AL$72)=0,"",AL84+(AL84*$AL$72)),"") | E82: =IFERROR(IF(AM84+(AM84*$AL$72)=0,"",AM84+(AM84*$AL$72)),"") | F82: =IFERROR(IF(AN84+(AN84*$AL$72)=0,"",AN84+(AN84*$AL$72)),"") | G82: 126.88 | H82: 137.56 | I82: 150.533 | J82: 162.11 | K82: 178.08 | L82: =IFERROR(IF(AT84+(AT84*$AL$72)=0,"",AT84+(AT84*$AL$72)),"") | M82: =IFERROR(IF(AU84+(AU84*$AL$72)=0,"",AU84+(AU84*$AL$72)),"") | N82: =IFERROR(IF(AV84+(AV84*$AL$72)=0,"",AV84+(AV84*$AL$72)),"") | O82: =IFERROR(IF(AW84+(AW84*$AL$72)=0,"",AW84+(AW84*$AL$72)),"") | P82: =IFERROR(IF(AX84+(AX84*$AL$72)=0,"",AX84+(AX84*$AL$72)),"") | R82: 650 | S82: 344.95 | V82: 252.96 | W82: 252.96 | X82: 574.92 | Y82: 80 | AJ82: 550 | AN82: 89.56 | AO82: 101.8 | AP82: 110.16 | AQ82: 120.36 | AR82: 129.32
B83: 700 | C83: =IFERROR(IF(AK85+(AK85*$AL$72)=0,"",AK85+(AK85*$AL$72)),"") | D83: =IFERROR(IF(AL85+(AL85*$AL$72)=0,"",AL85+(AL85*$AL$72)),"") | E83: =IFERROR(IF(AM85+(AM85*$AL$72)=0,"",AM85+(AM85*$AL$72)),"") | F83: =IFERROR(IF(AN85+(AN85*$AL$72)=0,"",AN85+(AN85*$AL$72)),"") | G83: 135.77 | H83: 146.72 | I83: 160.79 | J83: 173.3 | K83: 190.45 | L83: =IFERROR(IF(AT85+(AT85*$AL$72)=0,"",AT85+(AT85*$AL$72)),"") | M83: =IFERROR(IF(AU85+(AU85*$AL$72)=0,"",AU85+(AU85*$AL$72)),"") | N83: =IFERROR(IF(AV85+(AV85*$AL$72)=0,"",AV85+(AV85*$AL$72)),"") | O83: =IFERROR(IF(AW85+(AW85*$AL$72)=0,"",AW85+(AW85*$AL$72)),"") | P83: =IFERROR(IF(AX85+(AX85*$AL$72)=0,"",AX85+(AX85*$AL$72)),"") | R83: 700 | S83: 379.45 | V83: 321.96 | W83: 321.96 | X83: 574.92 | Y83: 50 | AJ83: 600 | AN83: 95.45 | AO83: 108.42 | AP83: 117.62 | AQ83: 128.54 | AR83: 138.54
B84: 750 | C84: =IFERROR(IF(AK86+(AK86*$AL$72)=0,"",AK86+(AK86*$AL$72)),"") | D84: =IFERROR(IF(AL86+(AL86*$AL$72)=0,"",AL86+(AL86*$AL$72)),"") | E84: =IFERROR(IF(AM86+(AM86*$AL$72)=0,"",AM86+(AM86*$AL$72)),"") | F84: =IFERROR(IF(AN86+(AN86*$AL$72)=0,"",AN86+(AN86*$AL$72)),"") | G84: =IFERROR(IF(AO86+(AO86*$AL$72)=0,"",AO86+(AO86*$AL$72)),"") | H84: 156.31 | I84: 171.45 | J84: 184.81 | K84: 203.06 | L84: 216.57 | N84: =IFERROR(IF(AV86+(AV86*$AL$72)=0,"",AV86+(AV86*$AL$72)),"") | O84: =IFERROR(IF(AW86+(AW86*$AL$72)=0,"",AW86+(AW86*$AL$72)),"") | P84: =IFERROR(IF(AX86+(AX86*$AL$72)=0,"",AX86+(AX86*$AL$72)),"") | R84: 750 | S84: 379.45 | V84: 321.96 | W84: 321.96 | X84: 574.92 | Y84: 50 | AJ84: 650 | AO84: 116.59 | AP84: 126.41 | AQ84: 138.33 | AR84: 148.97 | AS84: 163.65
B85: 800 | C85: =IFERROR(IF(AK87+(AK87*$AL$72)=0,"",AK87+(AK87*$AL$72)),"") | D85: =IFERROR(IF(AL87+(AL87*$AL$72)=0,"",AL87+(AL87*$AL$72)),"") | E85: =IFERROR(IF(AM87+(AM87*$AL$72)=0,"",AM87+(AM87*$AL$72)),"") | F85: =IFERROR(IF(AN87+(AN87*$AL$72)=0,"",AN87+(AN87*$AL$72)),"") | G85: =IFERROR(IF(AO87+(AO87*$AL$72)=0,"",AO87+(AO87*$AL$72)),"") | H85: 165.94 | I85: 183.29 | J85: 197.99 | K85: 217.33 | L85: 230.35 | M85: =IFERROR(IF(AU87+(AU87*$AL$72)=0,"",AU87+(AU87*$AL$72)),"") | N85: =IFERROR(IF(AV87+(AV87*$AL$72)=0,"",AV87+(AV87*$AL$72)),"") | O85: =IFERROR(IF(AW87+(AW87*$AL$72)=0,"",AW87+(AW87*$AL$72)),"") | P85: =IFERROR(IF(AX87+(AX87*$AL$72)=0,"",AX87+(AX87*$AL$72)),"") | R85: 800 | S85: 402.44 | V85: 385.2 | W85: 385.2 | X85: 574.92 | Y85: 50 | AJ85: 700 | AO85: 124.76 | AP85: 134.83 | AQ85: 147.76 | AR85: 159.25 | AS85: 175.02
B86: 850 | C86: =IFERROR(IF(AK88+(AK88*$AL$72)=0,"",AK88+(AK88*$AL$72)),"") | D86: =IFERROR(IF(AL88+(AL88*$AL$72)=0,"",AL88+(AL88*$AL$72)),"") | E86: =IFERROR(IF(AM88+(AM88*$AL$72)=0,"",AM88+(AM88*$AL$72)),"") | F86: =IFERROR(IF(AN88+(AN88*$AL$72)=0,"",AN88+(AN88*$AL$72)),"") | G86: =IFERROR(IF(AO88+(AO88*$AL$72)=0,"",AO88+(AO88*$AL$72)),"") | H86: =IFERROR(IF(AP88+(AP88*$AL$72)=0,"",AP88+(AP88*$AL$72)),"") | I86: 193.75 | J86: 208.47 | K86: 229.23 | L86: 242.68 | M86: 261.37 | N86: =IFERROR(IF(AV88+(AV88*$AL$72)=0,"",AV88+(AV88*$AL$72)),"") | O86: =IFERROR(IF(AW88+(AW88*$AL$72)=0,"",AW88+(AW88*$AL$72)),"") | P86: =IFERROR(IF(AX88+(AX88*$AL$72)=0,"",AX88+(AX88*$AL$72)),"") | R86: 850 | S86: 402.44 | V86: 385.2 | W86: 385.2 | X86: 574.92 | Y86: 50 | AJ86: 750 | AP86: 143.64 | AQ86: 157.55 | AR86: 169.83 | AS86: 186.6 | AT86: 199.01 | AU86: 220.08
B87: 900 | C87: =IFERROR(IF(AK89+(AK89*$AL$72)=0,"",AK89+(AK89*$AL$72)),"") | D87: =IFERROR(IF(AL89+(AL89*$AL$72)=0,"",AL89+(AL89*$AL$72)),"") | E87: =IFERROR(IF(AM89+(AM89*$AL$72)=0,"",AM89+(AM89*$AL$72)),"") | F87: =IFERROR(IF(AN89+(AN89*$AL$72)=0,"",AN89+(AN89*$AL$72)),"") | G87: =IFERROR(IF(AO89+(AO89*$AL$72)=0,"",AO89+(AO89*$AL$72)),"") | H87: =IFERROR(IF(AP89+(AP89*$AL$72)=0,"",AP89+(AP89*$AL$72)),"") | I87: 202.53 | J87: 218.95 | K87: 240.23 | L87: 254.97 | M87: 274.74 | N87: =IFERROR(IF(AV89+(AV89*$AL$72)=0,"",AV89+(AV89*$AL$72)),"") | O87: =IFERROR(IF(AW89+(AW89*$AL$72)=0,"",AW89+(AW89*$AL$72)),"") | P87: =IFERROR(IF(AX89+(AX89*$AL$72)=0,"",AX89+(AX89*$AL$72)),"") | R87: 900 | S87: 459.94 | V87: 431.19 | W87: 431.19 | X87: 574.92 | Y87: 50 | AJ87: 800 | AP87: 152.49 | AQ87: 168.43 | AR87: 181.94 | AS87: 199.71 | AT87: 211.68
B88: 950 | C88: =IFERROR(IF(AK90+(AK90*$AL$72)=0,"",AK90+(AK90*$AL$72)),"") | D88: =IFERROR(IF(AL90+(AL90*$AL$72)=0,"",AL90+(AL90*$AL$72)),"") | E88: =IFERROR(IF(AM90+(AM90*$AL$72)=0,"",AM90+(AM90*$AL$72)),"") | F88: =IFERROR(IF(AN90+(AN90*$AL$72)=0,"",AN90+(AN90*$AL$72)),"") | G88: =IFERROR(IF(AO90+(AO90*$AL$72)=0,"",AO90+(AO90*$AL$72)),"") | H88: =IFERROR(IF(AP90+(AP90*$AL$72)=0,"",AP90+(AP90*$AL$72)),"") | I88: =IFERROR(IF(AQ90+(AQ90*$AL$72)=0,"",AQ90+(AQ90*$AL$72)),"") | J88: 229.42 | K88: 252.76 | L88: 268.53 | M88: 289.53 | N88: 308.87 | O88: =IFERROR(IF(AW90+(AW90*$AL$72)=0,"",AW90+(AW90*$AL$72)),"") | P88: =IFERROR(IF(AX90+(AX90*$AL$72)=0,"",AX90+(AX90*$AL$72)),"") | R88: 950 | S88: 517.43 | V88: 459.94 | W88: 459.94 | X88: 574.92 | Y88: 50 | AJ88: 850 | AQ88: 178.05 | AR88: 191.58 | AS88: 210.65 | AT88: 223.01 | AU88: 240.19
B89: 1000 | C89: =IFERROR(IF(AK91+(AK91*$AL$72)=0,"",AK91+(AK91*$AL$72)),"") | D89: =IFERROR(IF(AL91+(AL91*$AL$72)=0,"",AL91+(AL91*$AL$72)),"") | E89: =IFERROR(IF(AM91+(AM91*$AL$72)=0,"",AM91+(AM91*$AL$72)),"") | F89: =IFERROR(IF(AN91+(AN91*$AL$72)=0,"",AN91+(AN91*$AL$72)),"") | G89: =IFERROR(IF(AO91+(AO91*$AL$72)=0,"",AO91+(AO91*$AL$72)),"") | H89: =IFERROR(IF(AP91+(AP91*$AL$72)=0,"",AP91+(AP91*$AL$72)),"") | I89: =IFERROR(IF(AQ91+(AQ91*$AL$72)=0,"",AQ91+(AQ91*$AL$72)),"") | J89: 245.06 | K89: 268.39 | L89: 285.39 | M89: 307.66 | N89: 324.51 | R89: 1000 | S89: 574.92 | V89: 488.68 | W89: 488.68 | X89: 574.92 | Y89: 50 | AJ89: 900 | AQ89: 186.12 | AR89: 201.2 | AS89: 220.76 | AT89: 234.3 | AU89: 252.47
B90: 1050 | C90: =IFERROR(IF(AK92+(AK92*$AL$72)=0,"",AK92+(AK92*$AL$72)),"") | D90: =IFERROR(IF(AL92+(AL92*$AL$72)=0,"",AL92+(AL92*$AL$72)),"") | E90: =IFERROR(IF(AM92+(AM92*$AL$72)=0,"",AM92+(AM92*$AL$72)),"") | F90: =IFERROR(IF(AN92+(AN92*$AL$72)=0,"",AN92+(AN92*$AL$72)),"") | G90: =IFERROR(IF(AO92+(AO92*$AL$72)=0,"",AO92+(AO92*$AL$72)),"") | H90: =IFERROR(IF(AP92+(AP92*$AL$72)=0,"",AP92+(AP92*$AL$72)),"") | I90: =IFERROR(IF(AQ92+(AQ92*$AL$72)=0,"",AQ92+(AQ92*$AL$72)),"") | J90: =IFERROR(IF(AR92+(AR92*$AL$72)=0,"",AR92+(AR92*$AL$72)),"") | K90: 281.94 | L90: 299.17 | M90: 321.65 | N90: 340.65 | O90: 365.87 | P90: =IFERROR(IF(AX92+(AX92*$AL$72)=0,"",AX92+(AX92*$AL$72)),"") | R90: 1050 | S90: 574.92 | V90: 488.68 | W90: 488.68 | X90: 574.92 | Y90: 50 | AJ90: 950 | AR90: 210.82 | AS90: 232.28 | AT90: 246.76 | AU90: 266.06 | AV90: 283.84
B91: 1100 | C91: =IFERROR(IF(AK93+(AK93*$AL$72)=0,"",AK93+(AK93*$AL$72)),"") | D91: =IFERROR(IF(AL93+(AL93*$AL$72)=0,"",AL93+(AL93*$AL$72)),"") | E91: =IFERROR(IF(AM93+(AM93*$AL$72)=0,"",AM93+(AM93*$AL$72)),"") | F91: =IFERROR(IF(AN93+(AN93*$AL$72)=0,"",AN93+(AN93*$AL$72)),"") | G91: =IFERROR(IF(AO93+(AO93*$AL$72)=0,"",AO93+(AO93*$AL$72)),"") | H91: =IFERROR(IF(AP93+(AP93*$AL$72)=0,"",AP93+(AP93*$AL$72)),"") | I91: =IFERROR(IF(AQ93+(AQ93*$AL$72)=0,"",AQ93+(AQ93*$AL$72)),"") | J91: =IFERROR(IF(AR93+(AR93*$AL$72)=0,"",AR93+(AR93*$AL$72)),"") | K91: 295.81 | L91: 312.91 | M91: 336.96 | N91: 356.41 | O91: 380.42 | P91: =IFERROR(IF(AX93+(AX93*$AL$72)=0,"",AX93+(AX93*$AL$72)),"") | R91: 1100 | S91: 574.92 | V91: 488.68 | W91: 488.68 | X91: 574.92 | Y91: 50 | AJ91: 1000 | AR91: 225.19 | AS91: 246.64 | AT91: 262.26 | AU91: 282.73 | AV91: 298.21 | AW91: 330.23 | AX91: 381.42
B92: 1150 | C92: =IFERROR(IF(AK94+(AK94*$AL$72)=0,"",AK94+(AK94*$AL$72)),"") | D92: =IFERROR(IF(AL94+(AL94*$AL$72)=0,"",AL94+(AL94*$AL$72)),"") | E92: =IFERROR(IF(AM94+(AM94*$AL$72)=0,"",AM94+(AM94*$AL$72)),"") | F92: =IFERROR(IF(AN94+(AN94*$AL$72)=0,"",AN94+(AN94*$AL$72)),"") | G92: =IFERROR(IF(AO94+(AO94*$AL$72)=0,"",AO94+(AO94*$AL$72)),"") | H92: =IFERROR(IF(AP94+(AP94*$AL$72)=0,"",AP94+(AP94*$AL$72)),"") | I92: =IFERROR(IF(AQ94+(AQ94*$AL$72)=0,"",AQ94+(AQ94*$AL$72)),"") | J92: =IFERROR(IF(AR94+(AR94*$AL$72)=0,"",AR94+(AR94*$AL$72)),"") | K92: =IFERROR(IF(AS94+(AS94*$AL$72)=0,"",AS94+(AS94*$AL$72)),"") | L92: 326.66 | M92: 352.27 | N92: 372.17 | O92: 394.97 | P92: 417.74 | R92: 1150 | S92: 689.9 | V92: 580.67 | W92: 580.67 | X92: 574.92 | Y92: 25 | AJ92: 1050 | AS92: 259.09 | AT92: 274.93 | AU92: 295.58 | AV92: 313.04 | AW92: 336.22
B93: 1200 | C93: =IFERROR(IF(AK95+(AK95*$AL$72)=0,"",AK95+(AK95*$AL$72)),"") | D93: =IFERROR(IF(AL95+(AL95*$AL$72)=0,"",AL95+(AL95*$AL$72)),"") | E93: =IFERROR(IF(AM95+(AM95*$AL$72)=0,"",AM95+(AM95*$AL$72)),"") | F93: =IFERROR(IF(AN95+(AN95*$AL$72)=0,"",AN95+(AN95*$AL$72)),"") | G93: =IFERROR(IF(AO95+(AO95*$AL$72)=0,"",AO95+(AO95*$AL$72)),"") | H93: =IFERROR(IF(AP95+(AP95*$AL$72)=0,"",AP95+(AP95*$AL$72)),"") | I93: =IFERROR(IF(AQ95+(AQ95*$AL$72)=0,"",AQ95+(AQ95*$AL$72)),"") | J93: =IFERROR(IF(AR95+(AR95*$AL$72)=0,"",AR95+(AR95*$AL$72)),"") | K93: =IFERROR(IF(AS95+(AS95*$AL$72)=0,"",AS95+(AS95*$AL$72)),"") | L93: 340.28 | M93: 367.17 | N93: 386.18 | O93: 410.52 | P93: 434.81 | R93: 1200 | S93: 804.89 | V93: 672.66 | W93: 672.66 | X93: 574.92 | Y93: 25 | AJ93: 1100 | AS93: 271.83 | AT93: 287.55 | AU93: 309.65 | AV93: 327.52 | AW93: 349.59
B94: 1250 | C94: =IFERROR(IF(AK96+(AK96*$AL$72)=0,"",AK96+(AK96*$AL$72)),"") | D94: =IFERROR(IF(AL96+(AL96*$AL$72)=0,"",AL96+(AL96*$AL$72)),"") | E94: =IFERROR(IF(AM96+(AM96*$AL$72)=0,"",AM96+(AM96*$AL$72)),"") | F94: =IFERROR(IF(AN96+(AN96*$AL$72)=0,"",AN96+(AN96*$AL$72)),"") | G94: =IFERROR(IF(AO96+(AO96*$AL$72)=0,"",AO96+(AO96*$AL$72)),"") | H94: =IFERROR(IF(AP96+(AP96*$AL$72)=0,"",AP96+(AP96*$AL$72)),"") | I94: =IFERROR(IF(AQ96+(AQ96*$AL$72)=0,"",AQ96+(AQ96*$AL$72)),"") | J94: =IFERROR(IF(AR96+(AR96*$AL$72)=0,"",AR96+(AR96*$AL$72)),"") | K94: =IFERROR(IF(AS96+(AS96*$AL$72)=0,"",AS96+(AS96*$AL$72)),"") | L94: 354.05 | M94: 381.98 | N94: 401.82 | O94: 427.24 | P94: 452.57 | R94: 1250 | S94: 804.89 | V94: 672.66 | W94: 672.66 | X94: 574.92 | Y94: 25 | AJ94: 1150 | AT94: 300.18 | AU94: 323.72 | AV94: 342.01 | AW94: 362.95 | AX94: 383.88
AJ95: 1200 | AT95: 312.7 | AU95: 337.41 | AV95: 354.88 | AW95: 377.25 | AX95: 399.57
AJ96: 1250 | AT96: 325.36 | AU96: 351.02 | AV96: 369.25 | AW96: 392.61 | AX96: 415.89

Sheet Tarieven 2026
A1: ALGEMENE VERKOOPTARIEVEN 2026 — GMB Leidingtechnieken B.V.
A2: INTERN GEBRUIK — niet delen. De tarieven waarmee we rekenen. Geel = bewerkbaar.
D3: Hoog tarief | F3: Laag tarief
A4: Materieelstuk | B4: Bijzonderheden | C4: Bediening | D4: uur (€) | E4: dag (€) | F4: uur (€) | G4: dag (€) | I4: Tariefbasis: | J4: Laag
A5: RR combinatie | B5: n.v.t. | C5: 2 man | D5: 348.14 | E5: 2785.1 | F5: 301.08 | G5: 2408.62
A6: Hogedrukwagen | B6: n.v.t. | C6: 1 man | D6: 187.68 | E6: 1501.42 | F6: 182.01 | G6: 1456.06
A7: Hogedrukwagen | B7: n.v.t. | C7: 2 man | D7: 256.28 | E7: 2050.27 | F7: 248.91 | G7: 1991.3
A8: Vacuumwagen | B8: n.v.t. | C8: 1 man | D8: 184.28 | E8: 1474.2 | F8: 178.61 | G8: 1428.84
A9: Vacuumwagen | B9: n.v.t. | C9: 2 man | D9: 254.58 | E9: 2036.66 | F9: 243.81 | G9: 1950.48
A10: Combi | B10: n.v.t. | C10: 1 man | D10: 233.6 | E10: 1868.83 | F10: 217.73 | G10: 1741.82
A11: Combi | B11: n.v.t. | C11: 2 man | D11: 302.21 | E11: 2417.69 | F11: 282.93 | G11: 2263.46
A12: Inspectie-unit conventioneel | B12: n.v.t. | C12: 1 man | D12: 221.13 | E12: 1769.04 | F12: 208.66 | G12: 1669.25
A13: Inspectie-unit conventioneel | B13: n.v.t. | C13: 2 man | D13: 292.57 | E13: 2340.58 | F13: 260.25 | G13: 2082.02
A14: Inspectie-unit Pano | B14: n.v.t. | C14: 1 man | D14: 284.07 | E14: 2272.54 | F14: 257.99 | G14: 2063.88
A15: Inspectie-unit Pano | B15: n.v.t. | C15: 2 man | D15: 352.67 | E15: 2821.39 | F15: 323.19 | G15: 2585.52
A16: Robotfrees-unit | B16: n.v.t. | C16: 2 man | D16: 299.94 | E16: 2399.54 | F16: 261.95 | G16: 2095.63
... A18: Fourtrack honda | B18: n.v.t. | C18: n.v.t. | D18: 57.83 | E18: 462.67 | F18: 57.83 | G18: 462.67
A19: Safety-unit | B19: per dag | C19: n.v.t. | D19: n.v.t. | E19: n.v.t. | F19: n.v.t. | G19: n.v.t.
A20: Borden-wagen | B20: per dag | C20: n.v.t. | D20: n.v.t. | E20: n.v.t. | F20: n.v.t. | G20: n.v.t.
A21: Transportbus | B21: n.v.t. | C21: n.v.t. | D21: 27.78 | E21: 222.26 | F21: 27.78 | G21: 222.26
A22: Stortkosten RKG-slib (per ton) | B22: per ton | C22: n.v.t. | D22: 98.5 | E22: n.v.t. | F22: 98.5 | G22: n.v.t.
A23: Opstellen werkvergunning | B23: per werk | C23: n.v.t. | D23: n.v.t. | E23: n.v.t. | F23: n.v.t. | G23: n.v.t.
A24: Werkvergunning per persoon | B24: per dag | C24: n.v.t. | D24: n.v.t. | E24: n.v.t. | F24: n.v.t. | G24: n.v.t.
A25: Manuren rapporteur | B25: n.v.t. | C25: n.v.t. | D25: 86 | E25: 688 | F25: 86 | G25: 688
A26: Manuren operationeel personeel | B26: n.v.t. | C26: n.v.t. | D26: 75 | E26: 600 | F26: 75 | G26: 600
A27: PLOEGEN & OVERIG (dagprijs)
A28: Viltploeg water chip | C28: 4 man | G28: 6510
A29: Viltploeg water steiger | C29: 6 man | G29: 7980
A30: Inzet koolbak | G30: 262.5
A31: Dikmans extra incl. man | G31: 2100
A32: Viltploeg stoom drukvat | C32: 4 man | G32: 6510
A33: Viltploeg stoom DGA | C33: 6 man | G33: 7980
A34: UV-ploeg | C34: 4 man | G34: 6300
A35: PERSONEEL (uur / dag)
A36: Werkvoorbereider | F36: 89.25 | G36: 714
A37: Uitvoerder | F37: 89.25 | G37: 714
A38: Projectleider | F38: 115.5 | G38: 924
A39: Calculator | F39: 89.25 | G39: 714
A41: VOORWAARDEN
A42: • Een dag bestaat uit 8 werkuren tussen 07.30 en 16.30 uur. Het dagtarief is 8× het uurtarief.
A43: • Reistijd vóór 07.30 / na 16.30 uur: 50% van het uurtarief.
A44: • Reistijd tijdens werktijd (07.30-16.30): 100% van het uurtarief.
A45: • Ma t/m vr (niet-feestdagen) 18.00-07.00 uur: toeslag 150% op de manuren.
A46: • Zaterdag 07.00-18.00 uur: toeslag 150% op de manuren.
A47: • Zondag en zaterdag 18.00-07.00 uur: toeslag 200% op de manuren.

Sheet Instellingen
A1: INSTELLINGEN — Insituform detailcalculatie
A3: Parameter | B3: Waarde | C3: Toelichting
A4: Indexatie % op impregnatieprijs | B4: 0 | C4: Extra index bovenop de Insituform-lijstprijs (los van Prijzen-blad).
A5: Extra meters droge kous t.o.v. omslaan | B5: 1 | C5: Droge kous (m) = Omslaan (m) + deze waarde.
A6: Standaard omslaan (m) indien leeg | B6: 4.5 | C6: Gebruikt als kolom 'Omslaan' leeg is.
A7: Standaard aantal eindstuk | B7: 1
A8: Standaard aantal omslaan | B8: 1

Sheet Impregnatie
A1: IMPREGNATIE — prijs per meter (€/m)
A3: DN \ Dikte (mm) | B3: 4.5 | C3: 6 | D3: 7.5 | E3: 9 | F3: 10.5 | G3: 12 | H3: 13.5 | I3: 15 | J3: 16.5 | K3: 18 | L3: 19.5 | M3: 21 | N3: 22.5 | O3: 24
A4: 200 | B4: 31.65 | C4: 36.91 | D4: 40.98
A5: 250 | C5: 42.44 | D5: 47.54 | E5: 51.91
A6: 300 | C6: 48.04 | D6: 54.1 | E6: 59.33 | F6: 66.54
A7: 350 | C7: 53.57 | D7: 60.73 | E7: 66.92 | F7: 76.15 | G7: 81.4
A8: 400 | D8: 66.65 | E8: 74 | F8: 84.26 | G8: 90.46
A9: 450 | D9: 73.34 | E9: 81.7 | F9: 92.88 | G9: 99.93 | H9: 108.89
A10: 500 | E10: 89.61 | F10: 101.96 | G10: 109.89 | H10: 119.95 | I10: 128.83
A11: 550 | E11: 97.46 | F11: 110.77 | G11: 119.87 | H11: 130.98 | I11: 140.72
A12: 600 | E12: 103.87 | F12: 117.99 | G12: 128 | H12: 139.87 | I12: 150.76
A13: 650 | F13: 126.88 | G13: 137.56 | H13: 150.53 | I13: 162.11 | J13: 178.08
A14: 700 | F14: 135.77 | G14: 146.72 | H14: 160.79 | I14: 173.3 | J14: 190.45
A15: 750 | G15: 156.31 | H15: 171.45 | I15: 184.81 | J15: 203.06 | K15: 216.57
A16: 800 | G16: 165.94 | H16: 183.29 | I16: 197.99 | J16: 217.33 | K16: 230.35
A17: 850 | H17: 193.75 | I17: 208.47 | J17: 229.23 | K17: 242.68 | L17: 261.37
A18: 900 | H18: 202.53 | I18: 218.95 | J18: 240.23 | K18: 254.97 | L18: 274.74
A19: 950 | I19: 229.42 | J19: 252.76 | K19: 268.53 | L19: 289.53 | M19: 308.87
A20: 1000 | I20: 245.06 | J20: 268.39 | K20: 285.39 | L20: 307.66 | M20: 324.51
A21: 1050 | J21: 281.94 | K21: 299.17 | L21: 321.65 | M21: 340.65 | N21: 365.87
A22: 1100 | J22: 295.81 | K22: 312.91 | L22: 336.96 | M22: 356.41 | N22: 380.42
A23: 1150 | K23: 326.66 | L23: 352.27 | M23: 372.17 | N23: 394.97 | O23: 417.74
A24: 1200 | K24: 340.28 | L24: 367.17 | M24: 386.18 | N24: 410.52 | O24: 434.81
A25: 1250 | K25: 354.05 | L25: 381.98 | M25: 401.82 | N25: 427.24 | O25: 452.57

Sheet Droge kous
A1: DROGE KOUS — prijs per meter (€/m)
A3: DN \ Dikte (mm) | B3: 3 | C3: 4.5 | D3: 6 | E3: 7.5 | F3: 9 | G3: 10.5 | H3: 12 | I3: 13.5 | J3: 15 | K3: 16.5 | L3: 18 | M3: 19.5 | N3: 21 | O3: 22.5 | P3: 24 | Q3: 25.5 | R3: 27 | S3: 28.5 | T3: 30
A4: 100 | B4: 3.79 | C4: 4.39 | D4: 4.71
A5: 150 | B5: 4.81 | C5: 5.71 | D5: 6.02
A6: 200 | B6: 6.15 | C6: 7.2 | D6: 7.38 | E6: 8.18
A7: 225 | B7: 6.92 | C7: 8.13 | D7: 8.24 | E7: 9.22
A8: 250 | B8: 7.69 | C8: 8.94 | D8: 9.05 | E8: 10.03 | F8: 10.54
A9: 300 | B9: 9.22 | C9: 10.73 | D9: 10.77 | E9: 11.88 | F9: 12.45 | G9: 14.41 | H9: 14.93
A10: 350 | B10: 10.76 | C10: 12.53 | D10: 12.45 | E10: 13.78 | F10: 14.47 | G10: 17.3 | H10: 17.41
A11: 400 | B11: 12.08 | C11: 13.65 | D11: 13.77 | E11: 15.18 | F11: 16.14 | G11: 19.15 | H11: 19.37 | I11: 20.84 | J11: 21.86
A12: 450 | D12: 15.35 | E12: 17.12 | F12: 18.24 | G12: 21.34 | H12: 21.62 | I12: 23.24 | J12: 24.36
A13: 500 | D13: 17.06 | E13: 19.49 | F13: 20.49 | G13: 23.86 | H13: 24.2 | I13: 26.05 | J13: 27.12 | K13: 30.43 | L13: 30.99
A14: 550
A15: 600
A16: 650
A17: 700
A18: 750
A19: 800
A20: 850
A21: 900
A22: 950
A23: 1000
A24: 1050
A25: 1100
... A33: 1500

Sheet Sundry
A1: SUNDRY — toebehoren (€)
A3: DN ondergrens | B3: Bereik | C3: Verloop | D3: Eindstuk | E3: Omslaan | F3: Korte lengte | G3: Min. order (m)
A4: 0 | B4: 0 - 250 | C4: 235.72 | D4: 160.98 | E4: 160.98 | F4: 0 | G4: 0
A5: 251 | B5: 251 - 300 | C5: 252.96 | D5: 160.98 | E5: 160.98 | F5: 0 | G5: 0
A6: 301 | B6: 301 - 350 | C6: 264.46 | D6: 160.98 | E6: 160.98 | F6: 0 | G6: 0
A7: 351 | B7: 351 - 400 | C7: 264.46 | D7: 166.73 | E7: 166.73 | F7: 0 | G7: 0
A8: 401 | B8: 401 - 450 | C8: 298.96 | D8: 189.72 | E8: 189.72 | F8: 0 | G8: 0
A9: 451 | B9: 451 - 550 | C9: 327.7 | D9: 195.47 | E9: 195.47 | F9: 0 | G9: 0
A10: 551 | B10: 551 - 650 | C10: 344.95 | D10: 252.96 | E10: 252.96 | F10: 574.92 | G10: 80
A11: 651 | B11: 651 - 750 | C11: 379.45 | D11: 321.96 | E11: 321.96 | F11: 574.92 | G11: 50
A12: 751 | B12: 751 - 850 | C12: 402.44 | D12: 385.2 | E12: 385.2 | F12: 574.92 | G12: 50
A13: 851 | B13: 851 - 900 | C13: 459.94 | D13: 431.19 | E13: 431.19 | F13: 574.92 | G13: 50
A14: 901 | B14: 901 - 950 | C14: 517.43 | D14: 459.94 | E14: 459.94 | F14: 574.92 | G14: 50
A15: 951 | B15: 951 - 1100 | C15: 574.92 | D15: 488.68 | E15: 488.68 | F15: 574.92 | G15: 50
... A20: 1601 | B20: 1601 + | C20: 1494.79 | D20: 1149.84 | E20: 1149.84 | F20: 574.92 | G20: 25

Sheet Insituform-calc
A1: INSITUFORM DETAILCALCULATIE — impregnatie + droge kous + sundry per kous
A2: Basis (oranje) verplicht: DN, dikte, lengte geimpr. — Detail (geel) optioneel. Grijs = automatisch. Sluit aan op de 'Materiaal'-regels in Calculatie.
A4: Kous | B4: Omschrijving / locatie | C4: DN | D4: Dikte (mm) | E4: Lengte geimpr. (m) | F4: Omslaan (m) | G4: # Eind- stuk | H4: # Om- slaan | I4: # Ver- loop | J4: Voor- raad? | K4: Droge kous (m) | L4: €/m impregn. | M4: Kosten impregnatie | N4: €/m droog | O4: Kosten droge kous | P4: Kosten eindstuk | Q4: Kosten omslaan | R4: Kosten verloop | S4: Korte lengte | T4: TOTAAL per kous
A5: 501 | B5: schansbaan, 18D0543 | C5: 250 | D5: 6 | E5: 121.8 | F5: 4.75 | G5: 1 | H5: 1 | I5: 0 | J5: J | K5: =IF(ISNUMBER(E5),IF(ISNUMBER(F5),F5,Instellingen!$B$6)+Instellingen!$B$5,"") | L5: =IFERROR(INDEX(Impregnatie!$B$4:$O$25,MATCH(C5,Impregnatie!$A$4:$A$25,0),MATCH(D5,Impregnatie!$B$3:$O$3,0))*(1+Instellingen!$B$4),"") | M5: =IF(AND(ISNUMBER(E5),ISNUMBER(L5)),E5*L5,0) | N5: =IFERROR(INDEX('Droge kous'!$B$4:$T$33,MATCH(C5,'Droge kous'!$A$4:$A$33,0),MATCH(D5,'Droge kous'!$B$3:$T$3,0)),"") | O5: =IF(AND(ISNUMBER(K5),ISNUMBER(N5)),K5*N5,0) | P5: =IF(ISNUMBER(C5),IFERROR(N(G5)*VLOOKUP(C5,Sundry!$A$4:$G$20,4,TRUE),0),0) | Q5: =IF(ISNUMBER(C5),IFERROR(N(H5)*VLOOKUP(C5,Sundry!$A$4:$G$20,5,TRUE),0),0) | R5: =IF(ISNUMBER(C5),IFERROR(N(I5)*VLOOKUP(C5,Sundry!$A$4:$G$20,3,TRUE),0),0) | S5: =IF(AND(ISNUMBER(C5),ISNUMBER(E5),UPPER(J5)="N",E5<VLOOKUP(C5,Sundry!$A$4:$G$20,7,TRUE)),VLOOKUP(C5,Sundry!$A$4:$G$20,6,TRUE),0) | T5: =M5+O5+P5+Q5+R5+S5
A6: 502 | B6: semsschans, 18D0553 | C6: 250 | D6: 6 | E6: 30.6 | F6: 4.34 | G6: 1 | H6: 1 | I6: 0 | J6: J | K6: =IF(ISNUMBER(E6),IF(ISNUMBER(F6),F6,Instellingen!$B$6)+Instellingen!$B$5,"") | L6: =IFERROR(INDEX(Impregnatie!$B$4:$O$25,MATCH(C6,Impregnatie!$A$4:$A$25,0),MATCH(D6,Impregnatie!$B$3:$O$3,0))*(1+Instellingen!$B$4),"") | M6: =IF(AND(ISNUMBER(E6),ISNUMBER(L6)),E6*L6,0) | N6: =IFERROR(INDEX('Droge kous'!$B$4:$T$33,MATCH(C6,'Droge kous'!$A$4:$A$33,0),MATCH(D6,'Droge kous'!$B$3:$T$3,0)),"") | O6: =IF(AND(ISNUMBER(K6),ISNUMBER(N6)),K6*N6,0) | P6: =IF(ISNUMBER(C6),IFERROR(N(G6)*VLOOKUP(C6,Sundry!$A$4:$G$20,4,TRUE),0),0) | Q6: =IF(ISNUMBER(C6),IFERROR(N(H6)*VLOOKUP(C6,Sundry!$A$4:$G$20,5,TRUE),0),0) | R6: =IF(ISNUMBER(C6),IFERROR(N(I6)*VLOOKUP(C6,Sundry!$A$4:$G$20,3,TRUE),0),0) | S6: =IF(AND(ISNUMBER(C6),ISNUMBER(E6),UPPER(J6)="N",E6<VLOOKUP(C6,Sundry!$A$4:$G$20,7,TRUE)),VLOOKUP(C6,Sundry!$A$4:$G$20,6,TRUE),0) | T6: =M6+O6+P6+Q6+R6+S6
A7: 503 | B7: semsschans, 18D0554 | C7: 250 | D7: 6 | E7: 60 | F7: 4.3 | G7: 1 | H7: 1 | I7: 0 | J7: J | K7: =IF(ISNUMBER(E7),IF(ISNUMBER(F7),F7,Instellingen!$B$6)+Instellingen!$B$5,"") | L7: =IFERROR(INDEX(Impregnatie!$B$4:$O$25,MATCH(C7,Impregnatie!$A$4:$A$25,0),MATCH(D7,Impregnatie!$B$3:$O$3,0))*(1+Instellingen!$B$4),"") | M7: =IF(AND(ISNUMBER(E7),ISNUMBER(L7)),E7*L7,0) | N7: =IFERROR(INDEX('Droge kous'!$B$4:$T$33,MATCH(C7,'Droge kous'!$A$4:$A$33,0),MATCH(D7,'Droge kous'!$B$3:$T$3,0)),"") | O7: =IF(AND(ISNUMBER(K7),ISNUMBER(N7)),K7*N7,0) | P7: =IF(ISNUMBER(C7),IFERROR(N(G7)*VLOOKUP(C7,Sundry!$A$4:$G$20,4,TRUE),0),0) | Q7: =IF(ISNUMBER(C7),IFERROR(N(H7)*VLOOKUP(C7,Sundry!$A$4:$G$20,5,TRUE),0),0) | R7: =IF(ISNUMBER(C7),IFERROR(N(I7)*VLOOKUP(C7,Sundry!$A$4:$G$20,3,TRUE),0),0) | S7: =IF(AND(ISNUMBER(C7),ISNUMBER(E7),UPPER(J7)="N",E7<VLOOKUP(C7,Sundry!$A$4:$G$20,7,TRUE)),VLOOKUP(C7,Sundry!$A$4:$G$20,6,TRUE),0) | T7: =M7+O7+P7+Q7+R7+S7
A8: 504 | B8: van rijswijckschans, 18D0461 | C8: 250 | D8: 6 | E8: 104.7 | F8: 4.44 | G8: 1 | H8: 1 | I8: 0 | J8: J | K8: =IF(ISNUMBER(E8),IF(ISNUMBER(F8),F8,Instellingen!$B$6)+Instellingen!$B$5,"") | L8: =IFERROR(INDEX(Impregnatie!$B$4:$O$25,MATCH(C8,Impregnatie!$A$4:$A$25,0),MATCH(D8,Impregnatie!$B$3:$O$3,0))*(1+Instellingen!$B$4),"") | M8: =IF(AND(ISNUMBER(E8),ISNUMBER(L8)),E8*L8,0) | N8: =IFERROR(INDEX('Droge kous'!$B$4:$T$33,MATCH(C8,'Droge kous'!$A$4:$A$33,0),MATCH(D8,'Droge kous'!$B$3:$T$3,0)),"") | O8: =IF(AND(ISNUMBER(K8),ISNUMBER(N8)),K8*N8,0) | P8: =IF(ISNUMBER(C8),IFERROR(N(G8)*VLOOKUP(C8,Sundry!$A$4:$G$20,4,TRUE),0),0) | Q8: =IF(ISNUMBER(C8),IFERROR(N(H8)*VLOOKUP(C8,Sundry!$A$4:$G$20,5,TRUE),0),0) | R8: =IF(ISNUMBER(C8),IFERROR(N(I8)*VLOOKUP(C8,Sundry!$A$4:$G$20,3,TRUE),0),0) | S8: =IF(AND(ISNUMBER(C8),ISNUMBER(E8),UPPER(J8)="N",E8<VLOOKUP(C8,Sundry!$A$4:$G$20,7,TRUE)),VLOOKUP(C8,Sundry!$A$4:$G$20,6,TRUE),0) | T8: =M8+O8+P8+Q8+R8+S8
A9: 505 | B9: van rijswijckschans, 18D0456 | C9: 250 | D9: 6 | E9: 67.3 | F9: 4.61 | G9: 1 | H9: 1 | I9: 0 | J9: J | K9: =IF(ISNUMBER(E9),IF(ISNUMBER(F9),F9,Instellingen!$B$6)+Instellingen!$B$5,"") | L9: =IFERROR(INDEX(Impregnatie!$B$4:$O$25,MATCH(C9,Impregnatie!$A$4:$A$25,0),MATCH(D9,Impregnatie!$B$3:$O$3,0))*(1+Instellingen!$B$4),"") | M9: =IF(AND(ISNUMBER(E9),ISNUMBER(L9)),E9*L9,0) | N9: =IFERROR(INDEX('Droge kous'!$B$4:$T$33,MATCH(C9,'Droge kous'!$A$4:$A$33,0),MATCH(D9,'Droge kous'!$B$3:$T$3,0)),"") | O9: =IF(AND(ISNUMBER(K9),ISNUMBER(N9)),K9*N9,0) | P9: =IF(ISNUMBER(C9),IFERROR(N(G9)*VLOOKUP(C9,Sundry!$A$4:$G$20,4,TRUE),0),0) | Q9: =IF(ISNUMBER(C9),IFERROR(N(H9)*VLOOKUP(C9,Sundry!$A$4:$G$20,5,TRUE),0),0) | R9: =IF(ISNUMBER(C9),IFERROR(N(I9)*VLOOKUP(C9,Sundry!$A$4:$G$20,3,TRUE),0),0) | S9: =IF(AND(ISNUMBER(C9),ISNUMBER(E9),UPPER(J9)="N",E9<VLOOKUP(C9,Sundry!$A$4:$G$20,7,TRUE)),VLOOKUP(C9,Sundry!$A$4:$G$20,6,TRUE),0) | T9: =M9+O9+P9+Q9+R9+S9
A10: 506 | B10: van rijswijckschans, 18D0459 | C10: 250 | D10: 6 | E10: 42.1 | F10: 4.35 | G10: 1 | H10: 1 | I10: 0 | J10: J | K10: =IF(ISNUMBER(E10),IF(ISNUMBER(F10),F10,Instellingen!$B$6)+Instellingen!$B$5,"") | L10: =IFERROR(INDEX(Impregnatie!$B$4:$O$25,MATCH(C10,Impregnatie!$A$4:$A$25,0),MATCH(D10,Impregnatie!$B$3:$O$3,0))*(1+Instellingen!$B$4),"") | M10: =IF(AND(ISNUMBER(E10),ISNUMBER(L10)),E10*L10,0) | N10: =IFERROR(INDEX('Droge kous'!$B$4:$T$33,MATCH(C10,'Droge kous'!$A$4:$A$33,0),MATCH(D10,'Droge kous'!$B$3:$T$3,0)),"") | O10: =IF(AND(ISNUMBER(K10),ISNUMBER(N10)),K10*N10,0) | P10: =IF(ISNUMBER(C10),IFERROR(N(G10)*VLOOKUP(C10,Sundry!$A$4:$G$20,4,TRUE),0),0) | Q10: =IF(ISNUMBER(C10),IFERROR(N(H10)*VLOOKUP(C10,Sundry!$A$4:$G$20,5,TRUE),0),0) | R10: =IF(ISNUMBER(C10),IFERROR(N(I10)*VLOOKUP(C10,Sundry!$A$4:$G$20,3,TRUE),0),0) | S10: =IF(AND(ISNUMBER(C10),ISNUMBER(E10),UPPER(J10)="N",E10<VLOOKUP(C10,Sundry!$A$4:$G$20,7,TRUE)),VLOOKUP(C10,Sundry!$A$4:$G$20,6,TRUE),0) | T10: =M10+O10+P10+Q10+R10+S10
A11: 507 | B11: van rijswijckschans, 18D0456 | C11: 250 | D11: 6 | E11: 35.4 | F11: 4.61 | G11: 1 | H11: 1 | I11: 0 | J11: J | K11: =IF(ISNUMBER(E11),IF(ISNUMBER(F11),F11,Instellingen!$B$6)+Instellingen!$B$5,"") | L11: =IFERROR(INDEX(Impregnatie!$B$4:$O$25,MATCH(C11,Impregnatie!$A$4:$A$25,0),MATCH(D11,Impregnatie!$B$3:$O$3,0))*(1+Instellingen!$B$4),"") | M11: =IF(AND(ISNUMBER(E11),ISNUMBER(L11)),E11*L11,0) | N11: =IFERROR(INDEX('Droge kous'!$B$4:$T$33,MATCH(C11,'Droge kous'!$A$4:$A$33,0),MATCH(D11,'Droge kous'!$B$3:$T$3,0)),"") | O11: =IF(AND(ISNUMBER(K11),ISNUMBER(N11)),K11*N11,0) | P11: =IF(ISNUMBER(C11),IFERROR(N(G11)*VLOOKUP(C11,Sundry!$A$4:$G$20,4,TRUE),0),0) | Q11: =IF(ISNUMBER(C11),IFERROR(N(H11)*VLOOKUP(C11,Sundry!$A$4:$G$20,5,TRUE),0),0) | R11: =IF(ISNUMBER(C11),IFERROR(N(I11)*VLOOKUP(C11,Sundry!$A$4:$G$20,3,TRUE),0),0) | S11: =IF(AND(ISNUMBER(C11),ISNUMBER(E11),UPPER(J11)="N",E11<VLOOKUP(C11,Sundry!$A$4:$G$20,7,TRUE)),VLOOKUP(C11,Sundry!$A$4:$G$20,6,TRUE),0) | T11: =M11+O11+P11+Q11+R11+S11
A12: 508 | B12: offerhausschans, 18D0447 | C12: 250 | D12: 6 | E12: 41.1 | F12: 4.29 | G12: 1 | H12: 1 | I12: 0 | J12: J | K12: =IF(ISNUMBER(E12),IF(ISNUMBER(F12),F12,Instellingen!$B$6)+Instellingen!$B$5,"") | L12: =IFERROR(INDEX(Impregnatie!$B$4:$O$25,MATCH(C12,Impregnatie!$A$4:$A$25,0),MATCH(D12,Impregnatie!$B$3:$O$3,0))*(1+Instellingen!$B$4),"") | M12: =IF(AND(ISNUMBER(E12),ISNUMBER(L12)),E12*L12,0) | N12: =IFERROR(INDEX('Droge kous'!$B$4:$T$33,MATCH(C12,'Droge kous'!$A$4:$A$33,0),MATCH(D12,'Droge kous'!$B$3:$T$3,0)),"") | O12: =IF(AND(ISNUMBER(K12),ISNUMBER(N12)),K12*N12,0) | P12: =IF(ISNUMBER(C12),IFERROR(N(G12)*VLOOKUP(C12,Sundry!$A$4:$G$20,4,TRUE),0),0) | Q12: =IF(ISNUMBER(C12),IFERROR(N(H12)*VLOOKUP(C12,Sundry!$A$4:$G$20,5,TRUE),0),0) | R12: =IF(ISNUMBER(C12),IFERROR(N(I12)*VLOOKUP(C12,Sundry!$A$4:$G$20,3,TRUE),0),0) | S12: =IF(AND(ISNUMBER(C12),ISNUMBER(E12),UPPER(J12)="N",E12<VLOOKUP(C12,Sundry!$A$4:$G$20,7,TRUE)),VLOOKUP(C12,Sundry!$A$4:$G$20,6,TRUE),0) | T12: =M12+O12+P12+Q12+R12+S12
A13: 509 | B13: pelschans, 18D0466 | C13: 250 | D13: 6 | E13: 90.4 | F13: 4.47 | G13: 1 | H13: 1 | I13: 0 | J13: J | K13: =IF(ISNUMBER(E13),IF(ISNUMBER(F13),F13,Instellingen!$B$6)+Instellingen!$B$5,"") | L13: =IFERROR(INDEX(Impregnatie!$B$4:$O$25,MATCH(C13,Impregnatie!$A$4:$A$25,0),MATCH(D13,Impregnatie!$B$3:$O$3,0))*(1+Instellingen!$B$4),"") | M13: =IF(AND(ISNUMBER(E13),ISNUMBER(L13)),E13*L13,0) | N13: =IFERROR(INDEX('Droge kous'!$B$4:$T$33,MATCH(C13,'Droge kous'!$A$4:$A$33,0),MATCH(D13,'Droge kous'!$B$3:$T$3,0)),"") | O13: =IF(AND(ISNUMBER(K13),ISNUMBER(N13)),K13*N13,0) | P13: =IF(ISNUMBER(C13),IFERROR(N(G13)*VLOOKUP(C13,Sundry!$A$4:$G$20,4,TRUE),0),0) | Q13: =IF(ISNUMBER(C13),IFERROR(N(H13)*VLOOKUP(C13,Sundry!$A$4:$G$20,5,TRUE),0),0) | R13: =IF(ISNUMBER(C13),IFERROR(N(I13)*VLOOKUP(C13,Sundry!$A$4:$G$20,3,TRUE),0),0) | S13: =IF(AND(ISNUMBER(C13),ISNUMBER(E13),UPPER(J13)="N",E13<VLOOKUP(C13,Sundry!$A$4:$G$20,7,TRUE)),VLOOKUP(C13,Sundry!$A$4:$G$20,6,TRUE),0) | T13: =M13+O13+P13+Q13+R13+S13
A14: 510 | B14: merkesschans, 18D0387 | C14: 250 | D14: 6 | E14: 133.9 | F14: 4.8 | G14: 1 | H14: 1 | I14: 0 | J14: J | K14: =IF(ISNUMBER(E14),IF(ISNUMBER(F14),F14,Instellingen!$B$6)+Instellingen!$B$5,"") | L14: =IFERROR(INDEX(Impregnatie!$B$4:$O$25,MATCH(C14,Impregnatie!$A$4:$A$25,0),MATCH(D14,Impregnatie!$B$3:$O$3,0))*(1+Instellingen!$B$4),"") | M14: =IF(AND(ISNUMBER(E14),ISNUMBER(L14)),E14*L14,0) | N14: =IFERROR(INDEX('Droge kous'!$B$4:$T$33,MATCH(C14,'Droge kous'!$A$4:$A$33,0),MATCH(D14,'Droge kous'!$B$3:$T$3,0)),"") | O14: =IF(AND(ISNUMBER(K14),ISNUMBER(N14)),K14*N14,0) | P14: =IF(ISNUMBER(C14),IFERROR(N(G14)*VLOOKUP(C14,Sundry!$A$4:$G$20,4,TRUE),0),0) | Q14: =IF(ISNUMBER(C14),IFERROR(N(H14)*VLOOKUP(C14,Sundry!$A$4:$G$20,5,TRUE),0),0) | R14: =IF(ISNUMBER(C14),IFERROR(N(I14)*VLOOKUP(C14,Sundry!$A$4:$G$20,3,TRUE),0),0) | S14: =IF(AND(ISNUMBER(C14),ISNUMBER(E14),UPPER(J14)="N",E14<VLOOKUP(C14,Sundry!$A$4:$G$20,7,TRUE)),VLOOKUP(C14,Sundry!$A$4:$G$20,6,TRUE),0) | T14: =M14+O14+P14+Q14+R14+S14
A15: 511 | B15: klinckaertschans, 18D0401 | C15: 250 | D15: 6 | E15: 92.3 | F15: 4.36 | G15: 1 | H15: 1 | I15: 0 | J15: J | K15: =IF(ISNUMBER(E15),IF(ISNUMBER(F15),F15,Instellingen!$B$6)+Instellingen!$B$5,"") | L15: =IFERROR(INDEX(Impregnatie!$B$4:$O$25,MATCH(C15,Impregnatie!$A$4:$A$25,0),MATCH(D15,Impregnatie!$B$3:$O$3,0))*(1+Instellingen!$B$4),"") | M15: =IF(AND(ISNUMBER(E15),ISNUMBER(L15)),E15*L15,0) | N15: =IFERROR(INDEX('Droge kous'!$B$4:$T$33,MATCH(C15,'Droge kous'!$A$4:$A$33,0),MATCH(D15,'Droge kous'!$B$3:$T$3,0)),"") | O15: =IF(AND(ISNUMBER(K15),ISNUMBER(N15)),K15*N15,0) | P15: =IF(ISNUMBER(C15),IFERROR(N(G15)*VLOOKUP(C15,Sundry!$A$4:$G$20,4,TRUE),0),0) | Q15: =IF(ISNUMBER(C15),IFERROR(N(H15)*VLOOKUP(C15,Sundry!$A$4:$G$20,5,TRUE),0),0) | R15: =IF(ISNUMBER(C15),IFERROR(N(I15)*VLOOKUP(C15,Sundry!$A$4:$G$20,3,TRUE),0),0) | S15: =IF(AND(ISNUMBER(C15),ISNUMBER(E15),UPPER(J15)="N",E15<VLOOKUP(C15,Sundry!$A$4:$G$20,7,TRUE)),VLOOKUP(C15,Sundry!$A$4:$G$20,6,TRUE),0) | T15: =M15+O15+P15+Q15+R15+S15
A16: 512 | B16: lijnbaan, 18D0138 | C16: 250 | D16: 6 | E16: 124.6 | F16: 4.6 | G16: 1 | H16: 1 | I16: 0 | J16: J | K16: =IF(ISNUMBER(E16),IF(ISNUMBER(F16),F16,Instellingen!$B$6)+Instellingen!$B$5,"") | L16: =IFERROR(INDEX(Impregnatie!$B$4:$O$25,MATCH(C16,Impregnatie!$A$4:$A$25,0),MATCH(D16,Impregnatie!$B$3:$O$3,0))*(1+Instellingen!$B$4),"") | M16: =IF(AND(ISNUMBER(E16),ISNUMBER(L16)),E16*L16,0) | N16: =IFERROR(INDEX('Droge kous'!$B$4:$T$33,MATCH(C16,'Droge kous'!$A$4:$A$33,0),MATCH(D16,'Droge kous'!$B$3:$T$3,0)),"") | O16: =IF(AND(ISNUMBER(K16),ISNUMBER(N16)),K16*N16,0) | P16: =IF(ISNUMBER(C16),IFERROR(N(G16)*VLOOKUP(C16,Sundry!$A$4:$G$20,4,TRUE),0),0) | Q16: =IF(ISNUMBER(C16),IFERROR(N(H16)*VLOOKUP(C16,Sundry!$A$4:$G$20,5,TRUE),0),0) | R16: =IF(ISNUMBER(C16),IFERROR(N(I16)*VLOOKUP(C16,Sundry!$A$4:$G$20,3,TRUE),0),0) | S16: =IF(AND(ISNUMBER(C16),ISNUMBER(E16),UPPER(J16)="N",E16<VLOOKUP(C16,Sundry!$A$4:$G$20,7,TRUE)),VLOOKUP(C16,Sundry!$A$4:$G$20,6,TRUE),0) | T16: =M16+O16+P16+Q16+R16+S16
... A29: 525 | B29: van rijswijckschans, 18D0457 | C29: 250 | D29: 6 | E29: 106.1 | F29: 4.5 | G29: 1 | H29: 1 | I29: 0 | J29: J | K29: =IF(ISNUMBER(E29),IF(ISNUMBER(F29),F29,Instellingen!$B$6)+Instellingen!$B$5,"") | L29: =IFERROR(INDEX(Impregnatie!$B$4:$O$25,MATCH(C29,Impregnatie!$A$4:$A$25,0),MATCH(D29,Impregnatie!$B$3:$O$3,0))*(1+Instellingen!$B$4),"") | M29: =IF(AND(ISNUMBER(E29),ISNUMBER(L29)),E29*L29,0) | N29: =IFERROR(INDEX('Droge kous'!$B$4:$T$33,MATCH(C29,'Droge kous'!$A$4:$A$33,0),MATCH(D29,'Droge kous'!$B$3:$T$3,0)),"") | O29: =IF(AND(ISNUMBER(K29),ISNUMBER(N29)),K29*N29,0) | P29: =IF(ISNUMBER(C29),IFERROR(N(G29)*VLOOKUP(C29,Sundry!$A$4:$G$20,4,TRUE),0),0) | Q29: =IF(ISNUMBER(C29),IFERROR(N(H29)*VLOOKUP(C29,Sundry!$A$4:$G$20,5,TRUE),0),0) | R29: =IF(ISNUMBER(C29),IFERROR(N(I29)*VLOOKUP(C29,Sundry!$A$4:$G$20,3,TRUE),0),0) | S29: =IF(AND(ISNUMBER(C29),ISNUMBER(E29),UPPER(J29)="N",E29<VLOOKUP(C29,Sundry!$A$4:$G$20,7,TRUE)),VLOOKUP(C29,Sundry!$A$4:$G$20,6,TRUE),0) | T29: =M29+O29+P29+Q29+R29+S29
G30: 1 | H30: 1 | I30: 0 | J30: J | K30: =IF(ISNUMBER(E30),IF(ISNUMBER(F30),F30,Instellingen!$B$6)+Instellingen!$B$5,"") | L30: =IFERROR(INDEX(Impregnatie!$B$4:$O$25,MATCH(C30,Impregnatie!$A$4:$A$25,0),MATCH(D30,Impregnatie!$B$3:$O$3,0))*(1+Instellingen!$B$4),"") | M30: =IF(AND(ISNUMBER(E30),ISNUMBER(L30)),E30*L30,0) | N30: =IFERROR(INDEX('Droge kous'!$B$4:$T$33,MATCH(C30,'Droge kous'!$A$4:$A$33,0),MATCH(D30,'Droge kous'!$B$3:$T$3,0)),"") | O30: =IF(AND(ISNUMBER(K30),ISNUMBER(N30)),K30*N30,0) | P30: =IF(ISNUMBER(C30),IFERROR(N(G30)*VLOOKUP(C30,Sundry!$A$4:$G$20,4,TRUE),0),0) | Q30: =IF(ISNUMBER(C30),IFERROR(N(H30)*VLOOKUP(C30,Sundry!$A$4:$G$20,5,TRUE),0),0) | R30: =IF(ISNUMBER(C30),IFERROR(N(I30)*VLOOKUP(C30,Sundry!$A$4:$G$20,3,TRUE),0),0) | S30: =IF(AND(ISNUMBER(C30),ISNUMBER(E30),UPPER(J30)="N",E30<VLOOKUP(C30,Sundry!$A$4:$G$20,7,TRUE)),VLOOKUP(C30,Sundry!$A$4:$G$20,6,TRUE),0) | T30: =M30+O30+P30+Q30+R30+S30
G31: 1 | H31: 1 | I31: 0 | J31: J | K31: =IF(ISNUMBER(E31),IF(ISNUMBER(F31),F31,Instellingen!$B$6)+Instellingen!$B$5,"") | L31: =IFERROR(INDEX(Impregnatie!$B$4:$O$25,MATCH(C31,Impregnatie!$A$4:$A$25,0),MATCH(D31,Impregnatie!$B$3:$O$3,0))*(1+Instellingen!$B$4),"") | M31: =IF(AND(ISNUMBER(E31),ISNUMBER(L31)),E31*L31,0) | N31: =IFERROR(INDEX('Droge kous'!$B$4:$T$33,MATCH(C31,'Droge kous'!$A$4:$A$33,0),MATCH(D31,'Droge kous'!$B$3:$T$3,0)),"") | O31: =IF(AND(ISNUMBER(K31),ISNUMBER(N31)),K31*N31,0) | P31: =IF(ISNUMBER(C31),IFERROR(N(G31)*VLOOKUP(C31,Sundry!$A$4:$G$20,4,TRUE),0),0) | Q31: =IF(ISNUMBER(C31),IFERROR(N(H31)*VLOOKUP(C31,Sundry!$A$4:$G$20,5,TRUE),0),0) | R31: =IF(ISNUMBER(C31),IFERROR(N(I31)*VLOOKUP(C31,Sundry!$A$4:$G$20,3,TRUE),0),0) | S31: =IF(AND(ISNUMBER(C31),ISNUMBER(E31),UPPER(J31)="N",E31<VLOOKUP(C31,Sundry!$A$4:$G$20,7,TRUE)),VLOOKUP(C31,Sundry!$A$4:$G$20,6,TRUE),0) | T31: =M31+O31+P31+Q31+R31+S31
G32: 1 | H32: 1 | I32: 0 | J32: J | K32: =IF(ISNUMBER(E32),IF(ISNUMBER(F32),F32,Instellingen!$B$6)+Instellingen!$B$5,"") | L32: =IFERROR(INDEX(Impregnatie!$B$4:$O$25,MATCH(C32,Impregnatie!$A$4:$A$25,0),MATCH(D32,Impregnatie!$B$3:$O$3,0))*(1+Instellingen!$B$4),"") | M32: =IF(AND(ISNUMBER(E32),ISNUMBER(L32)),E32*L32,0) | N32: =IFERROR(INDEX('Droge kous'!$B$4:$T$33,MATCH(C32,'Droge kous'!$A$4:$A$33,0),MATCH(D32,'Droge kous'!$B$3:$T$3,0)),"") | O32: =IF(AND(ISNUMBER(K32),ISNUMBER(N32)),K32*N32,0) | P32: =IF(ISNUMBER(C32),IFERROR(N(G32)*VLOOKUP(C32,Sundry!$A$4:$G$20,4,TRUE),0),0) | Q32: =IF(ISNUMBER(C32),IFERROR(N(H32)*VLOOKUP(C32,Sundry!$A$4:$G$20,5,TRUE),0),0) | R32: =IF(ISNUMBER(C32),IFERROR(N(I32)*VLOOKUP(C32,Sundry!$A$4:$G$20,3,TRUE),0),0) | S32: =IF(AND(ISNUMBER(C32),ISNUMBER(E32),UPPER(J32)="N",E32<VLOOKUP(C32,Sundry!$A$4:$G$20,7,TRUE)),VLOOKUP(C32,Sundry!$A$4:$G$20,6,TRUE),0) | T32: =M32+O32+P32+Q32+R32+S32
G33: 1 | H33: 1 | I33: 0 | J33: J | K33: =IF(ISNUMBER(E33),IF(ISNUMBER(F33),F33,Instellingen!$B$6)+Instellingen!$B$5,"") | L33: =IFERROR(INDEX(Impregnatie!$B$4:$O$25,MATCH(C33,Impregnatie!$A$4:$A$25,0),MATCH(D33,Impregnatie!$B$3:$O$3,0))*(1+Instellingen!$B$4),"") | M33: =IF(AND(ISNUMBER(E33),ISNUMBER(L33)),E33*L33,0) | N33: =IFERROR(INDEX('Droge kous'!$B$4:$T$33,MATCH(C33,'Droge kous'!$A$4:$A$33,0),MATCH(D33,'Droge kous'!$B$3:$T$3,0)),"") | O33: =IF(AND(ISNUMBER(K33),ISNUMBER(N33)),K33*N33,0) | P33: =IF(ISNUMBER(C33),IFERROR(N(G33)*VLOOKUP(C33,Sundry!$A$4:$G$20,4,TRUE),0),0) | Q33: =IF(ISNUMBER(C33),IFERROR(N(H33)*VLOOKUP(C33,Sundry!$A$4:$G$20,5,TRUE),0),0) | R33: =IF(ISNUMBER(C33),IFERROR(N(I33)*VLOOKUP(C33,Sundry!$A$4:$G$20,3,TRUE),0),0) | S33: =IF(AND(ISNUMBER(C33),ISNUMBER(E33),UPPER(J33)="N",E33<VLOOKUP(C33,Sundry!$A$4:$G$20,7,TRUE)),VLOOKUP(C33,Sundry!$A$4:$G$20,6,TRUE),0) | T33: =M33+O33+P33+Q33+R33+S33
G34: 1 | H34: 1 | I34: 0 | J34: J | K34: =IF(ISNUMBER(E34),IF(ISNUMBER(F34),F34,Instellingen!$B$6)+Instellingen!$B$5,"") | L34: =IFERROR(INDEX(Impregnatie!$B$4:$O$25,MATCH(C34,Impregnatie!$A$4:$A$25,0),MATCH(D34,Impregnatie!$B$3:$O$3,0))*(1+Instellingen!$B$4),"") | M34: =IF(AND(ISNUMBER(E34),ISNUMBER(L34)),E34*L34,0) | N34: =IFERROR(INDEX('Droge kous'!$B$4:$T$33,MATCH(C34,'Droge kous'!$A$4:$A$33,0),MATCH(D34,'Droge kous'!$B$3:$T$3,0)),"") | O34: =IF(AND(ISNUMBER(K34),ISNUMBER(N34)),K34*N34,0) | P34: =IF(ISNUMBER(C34),IFERROR(N(G34)*VLOOKUP(C34,Sundry!$A$4:$G$20,4,TRUE),0),0) | Q34: =IF(ISNUMBER(C34),IFERROR(N(H34)*VLOOKUP(C34,Sundry!$A$4:$G$20,5,TRUE),0),0) | R34: =IF(ISNUMBER(C34),IFERROR(N(I34)*VLOOKUP(C34,Sundry!$A$4:$G$20,3,TRUE),0),0) | S34: =IF(AND(ISNUMBER(C34),ISNUMBER(E34),UPPER(J34)="N",E34<VLOOKUP(C34,Sundry!$A$4:$G$20,7,TRUE)),VLOOKUP(C34,Sundry!$A$4:$G$20,6,TRUE),0) | T34: =M34+O34+P34+Q34+R34+S34
G35: 1 | H35: 1 | I35: 0 | J35: J | K35: =IF(ISNUMBER(E35),IF(ISNUMBER(F35),F35,Instellingen!$B$6)+Instellingen!$B$5,"") | L35: =IFERROR(INDEX(Impregnatie!$B$4:$O$25,MATCH(C35,Impregnatie!$A$4:$A$25,0),MATCH(D35,Impregnatie!$B$3:$O$3,0))*(1+Instellingen!$B$4),"") | M35: =IF(AND(ISNUMBER(E35),ISNUMBER(L35)),E35*L35,0) | N35: =IFERROR(INDEX('Droge kous'!$B$4:$T$33,MATCH(C35,'Droge kous'!$A$4:$A$33,0),MATCH(D35,'Droge kous'!$B$3:$T$3,0)),"") | O35: =IF(AND(ISNUMBER(K35),ISNUMBER(N35)),K35*N35,0) | P35: =IF(ISNUMBER(C35),IFERROR(N(G35)*VLOOKUP(C35,Sundry!$A$4:$G$20,4,TRUE),0),0) | Q35: =IF(ISNUMBER(C35),IFERROR(N(H35)*VLOOKUP(C35,Sundry!$A$4:$G$20,5,TRUE),0),0) | R35: =IF(ISNUMBER(C35),IFERROR(N(I35)*VLOOKUP(C35,Sundry!$A$4:$G$20,3,TRUE),0),0) | S35: =IF(AND(ISNUMBER(C35),ISNUMBER(E35),UPPER(J35)="N",E35<VLOOKUP(C35,Sundry!$A$4:$G$20,7,TRUE)),VLOOKUP(C35,Sundry!$A$4:$G$20,6,TRUE),0) | T35: =M35+O35+P35+Q35+R35+S35
G36: 1 | H36: 1 | I36: 0 | J36: J | K36: =IF(ISNUMBER(E36),IF(ISNUMBER(F36),F36,Instellingen!$B$6)+Instellingen!$B$5,"") | L36: =IFERROR(INDEX(Impregnatie!$B$4:$O$25,MATCH(C36,Impregnatie!$A$4:$A$25,0),MATCH(D36,Impregnatie!$B$3:$O$3,0))*(1+Instellingen!$B$4),"") | M36: =IF(AND(ISNUMBER(E36),ISNUMBER(L36)),E36*L36,0) | N36: =IFERROR(INDEX('Droge kous'!$B$4:$T$33,MATCH(C36,'Droge kous'!$A$4:$A$33,0),MATCH(D36,'Droge kous'!$B$3:$T$3,0)),"") | O36: =IF(AND(ISNUMBER(K36),ISNUMBER(N36)),K36*N36,0) | P36: =IF(ISNUMBER(C36),IFERROR(N(G36)*VLOOKUP(C36,Sundry!$A$4:$G$20,4,TRUE),0),0) | Q36: =IF(ISNUMBER(C36),IFERROR(N(H36)*VLOOKUP(C36,Sundry!$A$4:$G$20,5,TRUE),0),0) | R36: =IF(ISNUMBER(C36),IFERROR(N(I36)*VLOOKUP(C36,Sundry!$A$4:$G$20,3,TRUE),0),0) | S36: =IF(AND(ISNUMBER(C36),ISNUMBER(E36),UPPER(J36)="N",E36<VLOOKUP(C36,Sundry!$A$4:$G$20,7,TRUE)),VLOOKUP(C36,Sundry!$A$4:$G$20,6,TRUE),0) | T36: =M36+O36+P36+Q36+R36+S36
G37: 1 | H37: 1 | I37: 0 | J37: J | K37: =IF(ISNUMBER(E37),IF(ISNUMBER(F37),F37,Instellingen!$B$6)+Instellingen!$B$5,"") | L37: =IFERROR(INDEX(Impregnatie!$B$4:$O$25,MATCH(C37,Impregnatie!$A$4:$A$25,0),MATCH(D37,Impregnatie!$B$3:$O$3,0))*(1+Instellingen!$B$4),"") | M37: =IF(AND(ISNUMBER(E37),ISNUMBER(L37)),E37*L37,0) | N37: =IFERROR(INDEX('Droge kous'!$B$4:$T$33,MATCH(C37,'Droge kous'!$A$4:$A$33,0),MATCH(D37,'Droge kous'!$B$3:$T$3,0)),"") | O37: =IF(AND(ISNUMBER(K37),ISNUMBER(N37)),K37*N37,0) | P37: =IF(ISNUMBER(C37),IFERROR(N(G37)*VLOOKUP(C37,Sundry!$A$4:$G$20,4,TRUE),0),0) | Q37: =IF(ISNUMBER(C37),IFERROR(N(H37)*VLOOKUP(C37,Sundry!$A$4:$G$20,5,TRUE),0),0) | R37: =IF(ISNUMBER(C37),IFERROR(N(I37)*VLOOKUP(C37,Sundry!$A$4:$G$20,3,TRUE),0),0) | S37: =IF(AND(ISNUMBER(C37),ISNUMBER(E37),UPPER(J37)="N",E37<VLOOKUP(C37,Sundry!$A$4:$G$20,7,TRUE)),VLOOKUP(C37,Sundry!$A$4:$G$20,6,TRUE),0) | T37: =M37+O37+P37+Q37+R37+S37
G38: 1 | H38: 1 | I38: 0 | J38: J | K38: =IF(ISNUMBER(E38),IF(ISNUMBER(F38),F38,Instellingen!$B$6)+Instellingen!$B$5,"") | L38: =IFERROR(INDEX(Impregnatie!$B$4:$O$25,MATCH(C38,Impregnatie!$A$4:$A$25,0),MATCH(D38,Impregnatie!$B$3:$O$3,0))*(1+Instellingen!$B$4),"") | M38: =IF(AND(ISNUMBER(E38),ISNUMBER(L38)),E38*L38,0) | N38: =IFERROR(INDEX('Droge kous'!$B$4:$T$33,MATCH(C38,'Droge kous'!$A$4:$A$33,0),MATCH(D38,'Droge kous'!$B$3:$T$3,0)),"") | O38: =IF(AND(ISNUMBER(K38),ISNUMBER(N38)),K38*N38,0) | P38: =IF(ISNUMBER(C38),IFERROR(N(G38)*VLOOKUP(C38,Sundry!$A$4:$G$20,4,TRUE),0),0) | Q38: =IF(ISNUMBER(C38),IFERROR(N(H38)*VLOOKUP(C38,Sundry!$A$4:$G$20,5,TRUE),0),0) | R38: =IF(ISNUMBER(C38),IFERROR(N(I38)*VLOOKUP(C38,Sundry!$A$4:$G$20,3,TRUE),0),0) | S38: =IF(AND(ISNUMBER(C38),ISNUMBER(E38),UPPER(J38)="N",E38<VLOOKUP(C38,Sundry!$A$4:$G$20,7,TRUE)),VLOOKUP(C38,Sundry!$A$4:$G$20,6,TRUE),0) | T38: =M38+O38+P38+Q38+R38+S38
G39: 1 | H39: 1 | I39: 0 | J39: J | K39: =IF(ISNUMBER(E39),IF(ISNUMBER(F39),F39,Instellingen!$B$6)+Instellingen!$B$5,"") | L39: =IFERROR(INDEX(Impregnatie!$B$4:$O$25,MATCH(C39,Impregnatie!$A$4:$A$25,0),MATCH(D39,Impregnatie!$B$3:$O$3,0))*(1+Instellingen!$B$4),"") | M39: =IF(AND(ISNUMBER(E39),ISNUMBER(L39)),E39*L39,0) | N39: =IFERROR(INDEX('Droge kous'!$B$4:$T$33,MATCH(C39,'Droge kous'!$A$4:$A$33,0),MATCH(D39,'Droge kous'!$B$3:$T$3,0)),"") | O39: =IF(AND(ISNUMBER(K39),ISNUMBER(N39)),K39*N39,0) | P39: =IF(ISNUMBER(C39),IFERROR(N(G39)*VLOOKUP(C39,Sundry!$A$4:$G$20,4,TRUE),0),0) | Q39: =IF(ISNUMBER(C39),IFERROR(N(H39)*VLOOKUP(C39,Sundry!$A$4:$G$20,5,TRUE),0),0) | R39: =IF(ISNUMBER(C39),IFERROR(N(I39)*VLOOKUP(C39,Sundry!$A$4:$G$20,3,TRUE),0),0) | S39: =IF(AND(ISNUMBER(C39),ISNUMBER(E39),UPPER(J39)="N",E39<VLOOKUP(C39,Sundry!$A$4:$G$20,7,TRUE)),VLOOKUP(C39,Sundry!$A$4:$G$20,6,TRUE),0) | T39: =M39+O39+P39+Q39+R39+S39
G40: 1 | H40: 1 | I40: 0 | J40: J | K40: =IF(ISNUMBER(E40),IF(ISNUMBER(F40),F40,Instellingen!$B$6)+Instellingen!$B$5,"") | L40: =IFERROR(INDEX(Impregnatie!$B$4:$O$25,MATCH(C40,Impregnatie!$A$4:$A$25,0),MATCH(D40,Impregnatie!$B$3:$O$3,0))*(1+Instellingen!$B$4),"") | M40: =IF(AND(ISNUMBER(E40),ISNUMBER(L40)),E40*L40,0) | N40: =IFERROR(INDEX('Droge kous'!$B$4:$T$33,MATCH(C40,'Droge kous'!$A$4:$A$33,0),MATCH(D40,'Droge kous'!$B$3:$T$3,0)),"") | O40: =IF(AND(ISNUMBER(K40),ISNUMBER(N40)),K40*N40,0) | P40: =IF(ISNUMBER(C40),IFERROR(N(G40)*VLOOKUP(C40,Sundry!$A$4:$G$20,4,TRUE),0),0) | Q40: =IF(ISNUMBER(C40),IFERROR(N(H40)*VLOOKUP(C40,Sundry!$A$4:$G$20,5,TRUE),0),0) | R40: =IF(ISNUMBER(C40),IFERROR(N(I40)*VLOOKUP(C40,Sundry!$A$4:$G$20,3,TRUE),0),0) | S40: =IF(AND(ISNUMBER(C40),ISNUMBER(E40),UPPER(J40)="N",E40<VLOOKUP(C40,Sundry!$A$4:$G$20,7,TRUE)),VLOOKUP(C40,Sundry!$A$4:$G$20,6,TRUE),0) | T40: =M40+O40+P40+Q40+R40+S40
G41: 1 | H41: 1 | I41: 0 | J41: J | K41: =IF(ISNUMBER(E41),IF(ISNUMBER(F41),F41,Instellingen!$B$6)+Instellingen!$B$5,"") | L41: =IFERROR(INDEX(Impregnatie!$B$4:$O$25,MATCH(C41,Impregnatie!$A$4:$A$25,0),MATCH(D41,Impregnatie!$B$3:$O$3,0))*(1+Instellingen!$B$4),"") | M41: =IF(AND(ISNUMBER(E41),ISNUMBER(L41)),E41*L41,0) | N41: =IFERROR(INDEX('Droge kous'!$B$4:$T$33,MATCH(C41,'Droge kous'!$A$4:$A$33,0),MATCH(D41,'Droge kous'!$B$3:$T$3,0)),"") | O41: =IF(AND(ISNUMBER(K41),ISNUMBER(N41)),K41*N41,0) | P41: =IF(ISNUMBER(C41),IFERROR(N(G41)*VLOOKUP(C41,Sundry!$A$4:$G$20,4,TRUE),0),0) | Q41: =IF(ISNUMBER(C41),IFERROR(N(H41)*VLOOKUP(C41,Sundry!$A$4:$G$20,5,TRUE),0),0) | R41: =IF(ISNUMBER(C41),IFERROR(N(I41)*VLOOKUP(C41,Sundry!$A$4:$G$20,3,TRUE),0),0) | S41: =IF(AND(ISNUMBER(C41),ISNUMBER(E41),UPPER(J41)="N",E41<VLOOKUP(C41,Sundry!$A$4:$G$20,7,TRUE)),VLOOKUP(C41,Sundry!$A$4:$G$20,6,TRUE),0) | T41: =M41+O41+P41+Q41+R41+S41
... G74: 1 | H74: 1 | I74: 0 | J74: J | K74: =IF(ISNUMBER(E74),IF(ISNUMBER(F74),F74,Instellingen!$B$6)+Instellingen!$B$5,"") | L74: =IFERROR(INDEX(Impregnatie!$B$4:$O$25,MATCH(C74,Impregnatie!$A$4:$A$25,0),MATCH(D74,Impregnatie!$B$3:$O$3,0))*(1+Instellingen!$B$4),"") | M74: =IF(AND(ISNUMBER(E74),ISNUMBER(L74)),E74*L74,0) | N74: =IFERROR(INDEX('Droge kous'!$B$4:$T$33,MATCH(C74,'Droge kous'!$A$4:$A$33,0),MATCH(D74,'Droge kous'!$B$3:$T$3,0)),"") | O74: =IF(AND(ISNUMBER(K74),ISNUMBER(N74)),K74*N74,0) | P74: =IF(ISNUMBER(C74),IFERROR(N(G74)*VLOOKUP(C74,Sundry!$A$4:$G$20,4,TRUE),0),0) | Q74: =IF(ISNUMBER(C74),IFERROR(N(H74)*VLOOKUP(C74,Sundry!$A$4:$G$20,5,TRUE),0),0) | R74: =IF(ISNUMBER(C74),IFERROR(N(I74)*VLOOKUP(C74,Sundry!$A$4:$G$20,3,TRUE),0),0) | S74: =IF(AND(ISNUMBER(C74),ISNUMBER(E74),UPPER(J74)="N",E74<VLOOKUP(C74,Sundry!$A$4:$G$20,7,TRUE)),VLOOKUP(C74,Sundry!$A$4:$G$20,6,TRUE),0) | T74: =M74+O74+P74+Q74+R74+S74
A75: TOTAAL | M75: =SUM(M5:M74) | O75: =SUM(O5:O74) | P75: =SUM(P5:P74) | Q75: =SUM(Q5:Q74) | R75: =SUM(R5:R74) | S75: =SUM(S5:S74) | T75: =SUM(T5:T74)
